FullName,Type,Country
Matua Organic Sauvignon Blanc,Vitt vin,Nya Zeeland
Pannier Velours Blanc,Mousserande vin,Frankrike
Chunky Red Zinfandel,Rött vin,Italien
Casa Vinironia Palloncino Aglianico,Rött vin,Italien
Sotanum Les Vins de Vienne,Rött vin,Frankrike
Stepp Scheurebe Beerenauslese,Vitt vin,Tyskland
Tahbilk Marsanne,Vitt vin,Australien
Edward Blom Riesling Trocken,Vitt vin,Tyskland
Zensa Fiano,Vitt vin,Italien
Michel Arnould Grand Cru Brut Rosé,Mousserande vin,Frankrike
Michel Arnould Mémoire De Vignes,Mousserande vin,Frankrike
Meursault Clos des Corvées de Citeau,Vitt vin,Frankrike
Meerlust Pinot Noir,Rött vin,Sydafrika
Brouilly,Rött vin,Frankrike
Château de Barbe Blanche,Rött vin,Frankrike
Vigorello,Rött vin,Italien
Il Grigio Chianti Classico Riserva,Rött vin,Italien
Teatro Red,Rött vin,Spanien
Teatro White,Vitt vin,Spanien
Tribaut Brut Nature,Mousserande vin,Frankrike
Cristo di Campobello Lalùci Grillo,Vitt vin,Italien
C'D'C Cristo di Campobello,Rött vin,Italien
Dufftown 18 Years,Whisky,Storbritannien
Craigellachie 11 Years,Whisky,Storbritannien
Bank Note,Whisky,Storbritannien
Clan Denny Heavily Peated,Whisky,Storbritannien
Clan Denny Sweeltly Spiced,Whisky,Storbritannien
George Laval Brut Nature,Mousserande vin,Frankrike
Cevennes Merlot,Rött vin,Frankrike
Pérez Pascuas Gran Seleccion Bodegas Hnos Pérez Pascuas,Rött vin,Spanien
Cevennes Cabernet Sauvignon,Rött vin,Frankrike
Singleton of Glendullan 38 Years Diageo Plc,Whisky,Storbritannien
Perfect Day Pinot Grigio,Vitt vin,Italien
Barone Montalto Nero d´Avola Merlot,Rött vin,Italien
Kona Big Wave,Öl,USA
Valfonda Spumante Extra Dry,Mousserande vin,Italien
Lervig Konrads Stout,Öl,Norge
Barlingbo Slåttarn,Öl,Sverige
Imperial Vanilla Coffee Porter,Öl,Danmark
Grannen Ale,Öl,Sverige
Sleeman Original Draught,Öl,Kanada
Château Rocheyron,Rött vin,Frankrike
Ruby Zin Laila Bagge,Rött vin,USA
Chablis Le Finage La Chablisienne,Vitt vin,Frankrike
Mega Zin Zinfandel,Rött vin,USA
Hill of Grace Henschke,Rött vin,Australien
Les Cardounettes Pays d Óc,Vitt vin,Frankrike
Les Cardounettes Pays d Òc,Rött vin,Frankrike
Bio Bio Bio Vino Chardonnay Organic,Vitt vin,Italien
Bio Bio Bio Vino Merlot Organic,Rött vin,Italien
Allesverloren Três Vermelhos,Rött vin,Sydafrika
Kyrie,Vitt vin,Spanien
Clos de l'Obac,Rött vin,Spanien
Hofer Grüner Veltliner,Vitt vin,Österrike
Samuel Adams Cream Stout,Öl,USA
Samuel Adams Rebel IPA,Öl,USA
Hofbräu München Weisse,Öl,Tyskland
Beronia Gran Reserva,Rött vin,Spanien
Beronia Reserva,Rött vin,Spanien
Man O'War Warspite,Rött vin,Nya Zeeland
Man O' War Cabernet Franc Merlot,Rött vin,Nya Zeeland
Leah Pinot Noir,Rött vin,Nya Zeeland
MOMO Pinot Noir,Rött vin,Nya Zeeland
MOMO Sauvignon Blanc,Vitt vin,Nya Zeeland
Contraste Branco,Vitt vin,Portugal
Emilio Moro,Rött vin,Spanien
Taberner Huerta de Albalá,Rött vin,Spanien
Giol Prosecco Organic Brut,Mousserande vin,Italien
Domaine de Lumian,Rött vin,Frankrike
Prohibition Zinfandel,Rött vin,USA
Chablis Christian Moreau,Vitt vin,Frankrike
Chablis Domaine Jean Collet & Fils,Vitt vin,Frankrike
Château Favray Pouilly Fumé,Vitt vin,Frankrike
Marion Cabernet Sauvignon,Rött vin,Italien
Chablis Premier Cru Montmains Butteaux Domaine Jean Collet & Fils,Vitt vin,Frankrike
Chablis Premier Cru Vaillons Sécher Domaine Jean Collet & Fils,Vitt vin,Frankrike
P.Lex Appassivo Nero D ávola,Rött vin,Italien
Xavier Rasteau,Rött vin,Frankrike
Tapiz Black Tears Malbec,Rött vin,Argentina
Tapiz Bicentenario,Rött vin,Argentina
Rhiannon,Rött vin,USA
Barbera d'Alba Gagliasso Vigna Ciabot Russ,Rött vin,Italien
Hahn Cabernet Sauvignon,Rött vin,USA
André Bergére Brut Sélection,Mousserande vin,Frankrike
André Bergére Blanc de Blancs Brut Naturel,Mousserande vin,Frankrike
Château Le Fagé Blanc,Vitt vin,Frankrike
Chateau La Croix Romane,Rött vin,Frankrike
Stallhagen US Red Ale,Öl,Finland
Stallhagen Pale Ale,Öl,Finland
Remix Unfiltered Lager,Öl,Sverige
Hantverksbryggeriet Kosacken,Öl,Sverige
Amarone della Valpolicella Classico Venturini Campomasua,Rött vin,Italien
Sforzato di Valtellina Infinito,Rött vin,Italien
Morlet En Famille Pinot Noir,Rött vin,USA
A Drop of the Irish Blackadder 8 Years Single Malt,Whisky,Irland
Grimalda Red,Rött vin,Kroatien
Monferrato Dolcetto Carlin de Paolo,Rött vin,Italien
Luis Spumante Extra Dry,Mousserande vin,Italien
Luis Spumante Rosé Carlin De Paolo Extra Dry,Mousserande vin,Italien
Riedlin Rot Spätburgunder Trocken,Vitt vin,Tyskland
Mariestads Emmer Porter,Öl,Sverige
Sweetwater Triple Tail Tropical IPA,Öl,USA
Ecoviva Terre Siciliane,Rött vin,Italien
Sweetwater 420 Extra Pale Ale,Öl,USA
Barolo Ravera,Rött vin,Italien
Rascallion 45 RMP Red Blend,Rött vin,Sydafrika
Bombinate,Rött vin,Sydafrika
Babich Headwaters Sauvignon Blanc Organic,Vitt vin,Nya Zeeland
Rascallion 33 1/3 RPM,Vitt vin,Sydafrika
Maggio,Rött vin,Italien
Vina Albali Organic Tempranillo,Rött vin,Spanien
Châteauneuf-du-Pape Château La Nerthe Blanc,Vitt vin,Frankrike
Barbera d'Asti Superiore Carlin de Paolo,Rött vin,Italien
Cisterna d'Asti Superiore Carlin de Paolo,Rött vin,Italien
Settevigne Tintilia Claudio Cipressi,Rött vin,Italien
Tintilia 66 Claudio Cipressi,Rött vin,Italien
Colección Privada,Rött vin,Spanien
Spike Brewery Cookies & Cream,Öl,Sverige
Figueroa Mountain Hurricane Deck,Öl,USA
Strandlida Bryggeri Röd Ale,Öl,Sverige
Söderarm Ale,Öl,Sverige
Tjärven Ale,Öl,Sverige
Lerskärsgrund Ale,Öl,Sverige
Spelmans Ale,Öl,Sverige
Finca Antigua Organic Selection,Rött vin,Spanien
Zanoni Valpolicella Ripasso Superiore,Rött vin,Italien
Bosco di Fratta Superiore Millesimato Brut,Mousserande vin,Italien
Alesago Bodegas Moraza,Rött vin,Spanien
Oban Single Malt 14 Years,Whisky,Storbritannien
Amarone della Valpolicella Zanoni,Rött vin,Italien
Grasevina,Vitt vin,Kroatien
Barolo Cannubi Damilano,Rött vin,Italien
Paulaner Hefe-Weiss Dunkel,Öl,Tyskland
Col d'Orcia Rosso di Montalcino,Rött vin,Italien
Barolo Fontanafredda,Rött vin,Italien
Trout Valley Chardonnay,Vitt vin,Nya Zeeland
Trout Valley Pinot Gris,Vitt vin,Nya Zeeland
OHH Paul Sapin Merlot,Rött vin,Frankrike
Ohh Paul Sapin Sauvignon Blanc,Vitt vin,Frankrike
Les Hauts de Castelmaure,Rött vin,Frankrike
Vicar's Choice Pinot Noir,Rött vin,Nya Zeeland
Vve Fourny & Fils Brut Rosé,Mousserande vin,Frankrike
Michel Genet Brut Classic,Mousserande vin,Frankrike
Michel Genet Grand Cru Blanc de Blancs,Mousserande vin,Frankrike
Plaisir de Vigne Sauvignon,Vitt vin,Frankrike
Plaisir de Vigne Syrah,Rött vin,Frankrike
Musita Regieterre Catarratto,Vitt vin,Italien
Musita Passocalcara,Vitt vin,Italien
La Bastide Saint Dominique,Rött vin,Frankrike
Musita Regieterre Nero d'Avola,Rött vin,Italien
Langhe Pecchenino Maestro Langhe,Vitt vin,Italien
Erse Etna Bianco,Vitt vin,Italien
Saint-Joseph Clos de Cuminaille,Rött vin,Frankrike
Crozes-Hermitage Pierre Gaillard,Rött vin,Frankrike
Moratel Rosso,Rött vin,Italien
Roughstock Spring Wheat,Whisky,USA
Sprinzenberg Riesling,Vitt vin,Österrike
Roughstock Sweet Corn,Whisky,USA
Recioto Della Valpolicella Corte Sant Alda,Rött vin,Italien
Corte Sant Alda Amarone Della Valpolicella,Rött vin,Italien
Corte Sant Alda Ca Fiui,Rött vin,Italien
Gosset Grand Blanc de Blancs,Mousserande vin,Frankrike
Faustino Tempranillo,Rött vin,Spanien
Barefoot Zinfandel,Rött vin,USA
Te Whare Ra Sauvignon Blanc,Vitt vin,Nya Zeeland
Chianti Classico Brancaia Riserva,Rött vin,Italien
Ronan By Clinet,Rött vin,Frankrike
Samaroli's Peaty,Whisky,Storbritannien
Ascheri Langhe Nebbiolo,Rött vin,Italien
Ascheri Montalupa Viognier,Vitt vin,Italien
Ferry to Islay Blended Malt,Whisky,Storbritannien
Cavalo Maluco,Rött vin,Portugal
Caol Ila 13 Years,Whisky,Storbritannien
Bowmore Loch Indaal Catch,Whisky,Storbritannien
Brunello di Montalcino Poggio Nero,Rött vin,Italien
Amarone della Valpolicella Classico Campo del Titari Riserva,Rött vin,Italien
Amarone della Valpolicella Classico Campo Inferi Riserva,Rött vin,Italien
Pa' Riondo Valpolicella Ripasso Classico,Rött vin,Italien
Michel Genet Extra Brut,Mousserande vin,Frankrike
Friuli Colli Orientali Friulani,Vitt vin,Italien
Friuli Colli Orientali Sauvignon,Vitt vin,Italien
Friuli Colli Orientali Ribolla Gialla,Vitt vin,Italien
Navardia Rioja,Rött vin,Spanien
Friuli Colli Orientali Pinot Grigio,Vitt vin,Italien
Cossentino Grillo,Vitt vin,Italien
Mes Bastides Rouge,Rött vin,Frankrike
Rådanäs Porter,Öl,Sverige
Côtes de Nuits Village Clos de Magny,Rött vin,Frankrike
Meursault Domaine Pernot Belicard,Vitt vin,Frankrike
Eliseo Rosso Toscano,Rött vin,Italien
Federico Primo Toscana,Rött vin,Italien
Double Hop Monster India Pale Ale,Öl,Storbritannien
Valentina Toscana Vermentino,Vitt vin,Italien
Strong Suffolk Dark Ale,Öl,Storbritannien
Moritz,Öl,Spanien
S A Prüm Bernkasteler Lay Riesling GG,Vitt vin,Tyskland
Castello di Radda Chianti Classico,Rött vin,Italien
Lo Sparviere Franciacorta Brut Cuvee 7,Mousserande vin,Italien
Dusky Sounds Sauvignon Blanc,Vitt vin,Nya Zeeland
Torre dei Vescovi Cabernet Sauvignon,Rött vin,Italien
Torre dei Vescovi Pinot Grigio,Vitt vin,Italien
Urbanihof Grüner Veltiner Wagram Classic,Vitt vin,Österrike
Urbanihof Riesling Wagram,Vitt vin,Österrike
Hardys HRB - D645 Cabernet Sauvignon,Rött vin,Australien
Geihemrat J Riesling Spätlese Trocken,Vitt vin,Tyskland
Ysta Vinteröl,Öl,Sverige
Ernie Els Proprietor's Cabernet Sauvignon,Rött vin,Sydafrika
Grillo,Rött vin,Italien
Grignolino d'Asti Francesco Rinaldi & Figli,Rött vin,Italien
Sandahl Street Smart,Vitt vin,Ungern
Cantina Tollo Rosso Biologico,Rött vin,Italien
Mackmyra Moment Prestige 11 Years,Whisky,Sverige
Kleine Zalze Vineyard Selection Chardonnay,Vitt vin,Sydafrika
Clos Vougeot Vieilles Vignes Domaine Chateau de la Tour,Rött vin,Frankrike
Weinrieder Kugler Riesling,Vitt vin,Österrike
Sta María de la Piscina Gran Reserva,Rött vin,Spanien
St Austell Big Job Double IPA,Öl,Storbritannien
Jura Durachs' Own 16 Years,Whisky,Storbritannien
Le Gagie Barbera d'Asti,Rött vin,Italien
Sankt Johannes Winemaker Selection,Rött vin,Republiken Makedonien
Philippe Glavier La Grâce d'Alphaël Grand Cru Blanc de Blancs,Mousserande vin,Frankrike
Orpale Grand Cru Blanc De Blancs Brut,Mousserande vin,Frankrike
Cuvée Deor,Mousserande vin,Italien
Cielo Prosecco 1530,Mousserande vin,Italien
Wachenheimer Belz Riesling,Vitt vin,Tyskland
Ekuò Organic Sparkling,Mousserande vin,Italien
Campione Amarone Della Valpolicella Classico,Rött vin,Italien
Molino Real,Vitt vin,Spanien
Williamson Cárn Mór Sherry Cask 6 Years,Whisky,Storbritannien
Blair Athol No 7297 Cárn Mór Celebration Of The Cask,Whisky,Storbritannien
Glen Keith Càrn Mòr Celebration Of The Cask,Whisky,Storbritannien
Benrinnes No 7799 Cárn Mór Celebration Of The Cask,Whisky,Storbritannien
Kirkwall Bay Morrison & MacKay,Whisky,Storbritannien
Morlet Ma Douce Chardonnay,Vitt vin,USA
Morlet Joli Coeur Pinot Noir,Rött vin,USA
Morlet Ma Princess Chardonnay,Vitt vin,USA
Glen Ord Sherry Finish no700421 8 Years,Whisky,Storbritannien
Tomintoul A.D Rattray Cask Collection 20 Years,Whisky,Storbritannien
Breath of Speyside Adelphi´s 10 Years,Whisky,Storbritannien
Morlet Coteaux Nobles Pinot Noir,Rött vin,USA
La Linda Torrontés,Vitt vin,Argentina
Malvarrosa Tinto,Rött vin,Spanien
Bahía de Dénia Vino Blanco,Vitt vin,Spanien
Bahia Nature Brut,Mousserande vin,Spanien
Castell D`aixa Crianza,Rött vin,Spanien
Bozeto De Exopto,Rött vin,Spanien
Exopto,Rött vin,Spanien
Fettercairn Carn Mor 8 Years,Whisky,Storbritannien
Linkwood 11 Years,Whisky,Storbritannien
Knockdhu Cárn Mór 8 Years,Whisky,Storbritannien
Torcanto Verdejo Blanco,Vitt vin,Spanien
Noah Bramaterra,Rött vin,Italien
Noah Coste della Sesia Croatina,Rött vin,Italien
Terroir Al Limit Dits del Terra,Rött vin,Spanien
Aultmore #1002 8 Years,Whisky,Storbritannien
Inchgrower #303696 16 Years,Whisky,Storbritannien
Miltonduff Adelphi Limited 33 Years Cask No 7450,Whisky,Storbritannien
Black Snake Vat 1 5th Venom,Whisky,Storbritannien
Castell d'Olérdola Brut,Mousserande vin,Spanien
Barolo Brunate Enzo Boglietti,Rött vin,Italien
Barbera d'Alba Enzo Boglietti,Rött vin,Italien
Langhe Buio Enzo Boglietti,Rött vin,Italien
Douglas Laings Big Peat Xmas,Whisky,Storbritannien
XIII Lunas Reserva,Rött vin,Spanien
Atrevido Blanco,Vitt vin,Spanien
Atrevido Tinto,Rött vin,Spanien
Terroir Históric Negre,Rött vin,Spanien
Terroir Arbossar,Rött vin,Spanien
Côte-Rôtie Ampodium,Rött vin,Frankrike
Örebro 753 År Prévoteau-Perrier,Mousserande vin,Frankrike
Pavillion Chenin Blanc,Vitt vin,Sydafrika
Pavillion Shiraz Cabernet Sauvignon,Rött vin,Sydafrika
Community Beer IPA,Öl,Sverige
Laphroaig Select,Whisky,Storbritannien
Sav Sparkling,Mousserande vin,Sverige
Mangofeber DIPA,Öl,Sverige
Nya Carnegiebryggeriet Amber Ale,Öl,Sverige
Nya Carnegiebryggeriet Kellerbier,Öl,Sverige
Folkes Röda IPA,Öl,Sverige
Folkes Tjocke Stout,Öl,Sverige
Coppersmith's The Kings Checkmate Stout,Öl,Sverige
Östersund City Lager,Öl,Sverige
Masi Passo Blanco,Vitt vin,Argentina
Hummelholm IPA,Öl,Sverige
Villovägens Falu Imperial IPA,Öl,Sverige
Villovägens Falu IPA,Öl,Sverige
Villovägens Falu Ale,Öl,Sverige
Villovägens Falu Lager,Öl,Sverige
Svarte Petter Svart Dubbelbock,Öl,Sverige
Jean Milan Grande Réserve Grand Cru,Mousserande vin,Frankrike
Grästorps Ale,Öl,Sverige
Elements of Islay Lp5 Single Islay Malt,Whisky,Storbritannien
Grästorps Forshalls Brus,Öl,Sverige
Montefalco Sagrantino Antonelli,Rött vin,Italien
L.A. Cetto Chardonnay,Vitt vin,Mexiko
L.A. Cetto Cabernet Sauvignon,Rött vin,Mexiko
Röbäck Red Ale,Öl,Sverige
Timorous Beastie,Whisky,Storbritannien
Togouchi NoAge,Whisky,Japan
Dittelsheim Weissburgunder Trocken,Vitt vin,Tyskland
Dittelsheim Geyersberg Riesling Trocken,Vitt vin,Tyskland
Stefan Winter Riesling,Vitt vin,Tyskland
Blue Hanger 11th Limited Release,Whisky,Storbritannien
Santa's Butt,Öl,Storbritannien
Domaine Bousquet Malbec Grande Reserve,Rött vin,Argentina
Woori Yallock Pinot Noir,Rött vin,Australien
Strandlida Bryggeri Västkustskt Ale,Öl,Sverige
Hofbräu Dunkel,Öl,Tyskland
Château Cloche Tokaji Aszú 6 puttonyos,Vitt vin,Ungern
Domaine Bernhard & Reibel Muscat,Vitt vin,Frankrike
Bourgogne Pinot Noir Domaine Denis Père & Fils,Rött vin,Frankrike
Jacquart Mosaïque Brut,Mousserande vin,Frankrike
Brut Nature Reserva,Mousserande vin,Spanien
Henriot Cuve 38,Mousserande vin,Frankrike
Jacquart Mosaïque Brut Rosé,Mousserande vin,Frankrike
Jacquart Blanc de Blancs Brut,Mousserande vin,Frankrike
Château Bardoulet Saint-Émilion Grand Cru,Rött vin,Frankrike
Château Le Peuy Saincrit Bordeaux Supérieur,Rött vin,Frankrike
Unánime,Rött vin,Argentina
Clos De Vougeot Grand Cru Domaine Jean Grivot,Rött vin,Frankrike
Zeunerts Höga Kusten,Öl,Sverige
Tianna Bocchoris Negre,Rött vin,Spanien
Gorú,Rött vin,Spanien
Gosset Celebris Extra Brut,Mousserande vin,Frankrike
Savanha Tercet,Vitt vin,Sydafrika
Oppigårds Everyday IPA,Öl,Sverige
Amarone della Valpolicella 1888 Riserva,Rött vin,Italien
Valpolicella Superiore Villa Canestrari,Rött vin,Italien
Soave Superiore Àuge Riserva,Vitt vin,Italien
Amarone della Valpolicella Plenum,Rött vin,Italien
Amarone della Valpolicella Villa Canestrari,Rött vin,Italien
Barbera d'Alba Compolive,Rött vin,Italien
Jura Prophecy,Whisky,Storbritannien
I Lasi Valpolicella Ripasso Superiore,Rött vin,Italien
Peirano Old Vine Zinfandel,Rött vin,USA
Peirano Chardonnay,Vitt vin,USA
Adnams Southwold Crystal Rye IPA,Öl,Storbritannien
Terra Mazzei,Rött vin,Italien
Dr Pauly-Bergweiler Riesling Trocken,Vitt vin,Tyskland
Pierre Brigandat Blanc de Noir Brut Tradition,Mousserande vin,Frankrike
Donnatá Nero d'Avola,Rött vin,Italien
Ménage à Trois Zinfandel,Rött vin,USA
Ciampoleto Rosso di Montalcino,Rött vin,Italien
Ménage à Trois Chardonnay,Vitt vin,USA
True Zin Zinfandel,Rött vin,Italien
Brioni Sant'Antimo Rosso Il Poggiolo,Rött vin,Italien
Mezzacorona Pinot Grigio Riserva,Vitt vin,Italien
Millepassi Bolgheri Superiore,Rött vin,Italien
Neumarkter Lammsbräu Glutenfri,Öl,Tyskland
Triumvirat,Rött vin,Spanien
Pali Huntington Pinot Noir,Rött vin,USA
Castle Rock Pinot Noir,Rött vin,USA
Rochioli Estate Pinot Noir,Rött vin,USA
Purezza Pinot Grigio,Vitt vin,Italien
Revana,Rött vin,USA
Domaine Maurel Tradition,Rött vin,Frankrike
Sottovoce Chardonnay,Vitt vin,Italien
Domaine Marcel Deiss Schoffweg,Vitt vin,Frankrike
Quorum Valdobbiadene Prosecco,Mousserande vin,Italien
Guimaro Mencia,Rött vin,Spanien
Mionetto Prosecco Prestige,Mousserande vin,Italien
Badger Fursty Ferret,Öl,Storbritannien
Badger Hopping Hare,Öl,Storbritannien
The Irishman 12 Years,Whisky,Irland
Badger Tanglefoot,Öl,Storbritannien
Timothy Taylor's Landlord,Öl,Storbritannien
Adeo,Rött vin,Italien
N Blanc,Vitt vin,Frankrike
Domaine Pon,Rött vin,Frankrike
Cuvée Saint Honorat,Rött vin,Frankrike
Barolo Sant'Evasio,Rött vin,Italien
Simonsig Cape Blend Cabernet Sauvignon Pinotage Shiraz,Rött vin,Sydafrika
Viña Pedrosa Crianza,Rött vin,Spanien
Rawson's Retreat Chardonnay,Vitt vin,Australien
Charmes-Chambertin Grand Cru Dugat-Py,Rött vin,Frankrike
Norrlands Guld Ljus EKO,Öl,Sverige
Rampone Minutolo,Vitt vin,Italien
Arpago Primitivo,Rött vin,Italien
Cupa Bianco D`alessano,Vitt vin,Italien
1759 Spumante Classico Verdeca,Mousserande vin,Italien
Verso Sud Susumaniello,Rött vin,Italien
Turley Old Vine Zinfandel,Rött vin,USA
Hundred Fifty Six Anniversary Brut,Mousserande vin,Italien
Camden Park Shiraz Grenache,Rött vin,Australien
Black Mountain Shiraz Cabernet,Rött vin,Australien
Callet,Rött vin,Spanien
Geoff Merrill Jacko's Shiraz,Rött vin,Australien
Priorat Torroja,Rött vin,Spanien
Priorat Pedra de Guix Blanco,Vitt vin,Spanien
Sierra Nevada Sidecar Orange Pale Ale,Öl,USA
Paixar Mencía,Rött vin,Spanien
Yalumba Organic Viognier,Vitt vin,Australien
Julius Kayser Grüner Veltliner,Vitt vin,Ungern
Firesteed Pinot Noir,Rött vin,USA
Reto,Vitt vin,Spanien
WB Whisky Breton,Whisky,Frankrike
Paco Garcia Crianza,Rött vin,Spanien
Paco Garcia Garnacha,Rött vin,Spanien
Paco Garcia Seis,Rött vin,Spanien
Inanna Tempranillo,Rött vin,Spanien
Malvira Birbet,Rött vin,Italien
Malvira Langhe Nebbiolo,Rött vin,Italien
Armorik Sherry Cask,Whisky,Frankrike
Armorik Millesime,Whisky,Frankrike
Armorik Dervenn,Whisky,Frankrike
Domaine Dehours La Croix Joly Oeil de Perdrix Extra Brut,Mousserande vin,Frankrike
Heartbeat Hoppy Lager,Öl,Sverige
North Coast Brewing Brother Thelonius,Öl,USA
Ca' del Sette Stranero,Rött vin,Italien
Anatrino Toscano Bianco,Vitt vin,Italien
1902 Mas Doix,Rött vin,Spanien
La Casilla Bobal,Rött vin,Spanien
Vouvray Cuvée de Silex Bernard Fouquet,Vitt vin,Frankrike
Clos Lojen Bobal,Rött vin,Spanien
District 7 Pinot Noir,Rött vin,USA
Jämtlands Påskebrygd,Öl,Sverige
Oppigårds Easter Ale,Öl,Sverige
Pumpviken Påsköl,Öl,Sverige
Corralillo Sauvignon Blanc,Vitt vin,Chile
Wisby Påsköl,Öl,Sverige
Torres Las Mulas Carmenère,Rött vin,Chile
Three Hearts Påskebrygd,Öl,Sverige
Jacob's Creek Lighter Alcohol Shiraz,Rött vin,Australien
Jämtlands Påsköl,Öl,Sverige
Zonnebloem Organic Cabernet Sauvignon Shiraz,Rött vin,Sydafrika
Casas Patronales Mixtura,Rött vin,Chile
Mariestads Påsköl,Öl,Sverige
Santa Helena Alpaca Merlot,Rött vin,Chile
Alto Pina Reserva,Rött vin,Portugal
Estelado Rosé Sparkling Wine,Mousserande vin,Chile
Viña Bosconia,Rött vin,Spanien
Lasse Stefanz Rosso Veneto,Rött vin,Italien
Villa Schinosa Aglianico,Rött vin,Italien
Villa Schinosa Falanghina,Vitt vin,Italien
Gosset Excellence Brut,Mousserande vin,Frankrike
La Fortuna Late Harvest,Vitt vin,Chile
Fleury Extra Brut,Mousserande vin,Frankrike
Château Boutisse,Rött vin,Frankrike
L' Hospitalet de Gazin,Rött vin,Frankrike
Paul Goerg Rosé Premier Cru Brut,Mousserande vin,Frankrike
Maquis Carménère Gran Reserva,Rött vin,Chile
Maquis Malbec Gran Reserva,Rött vin,Chile
Maquis Cabernet Franc Gran Reserva,Rött vin,Chile
Maquis Cabernet Sauvignon Gran Reserva,Rött vin,Chile
Maquis Lien,Rött vin,Chile
Maquis Viola,Rött vin,Chile
Maquis Franco,Rött vin,Chile
Auchentoshan The Pearls of Scotland Cask Strength 16 Years,Whisky,Storbritannien
Blair Athol The Pearls of Scotland Cask Strength 23 Years,Whisky,Storbritannien
Auchroisk The Pearls of Scotland Cask Strength 23 Years,Whisky,Storbritannien
Côte-Rôtie La Péroline,Rött vin,Frankrike
Vigno,Rött vin,Chile
Benedé Catarratto,Vitt vin,Italien
Kaid Syrah,Rött vin,Italien
Kaid Sauvignon,Vitt vin,Italien
Charmes de Kirwan,Rött vin,Frankrike
Dolcetto d'Alba Luciano Sandrone,Rött vin,Italien
Savigny les Beaune Blanc Domaine du Château de Meursault,Vitt vin,Frankrike
Ardbeg Mackillop's Choice,Whisky,Storbritannien
Mackillop's Choice Port Ellen,Whisky,Storbritannien
Maredsous Blond,Öl,Belgien
Houblon Chouffe Double IPA Tripel,Öl,Belgien
La Trappe Blond,Öl,Nederländerna
Cerasuolo di Vittoria Gulfi,Rött vin,Italien
Michel Turgy Millésime Brut Blanc de Blancs Grand Cru,Mousserande vin,Frankrike
Pietradolce Etna Rosso,Rött vin,Italien
Archineri Etna Rosso Pietradolce,Rött vin,Italien
Mercurey Premier Cru Clos des Barraults Domaine Michel Juillot,Rött vin,Frankrike
Les Dauphins Côtes du Rhône Reserve,Rött vin,Frankrike
Teeling Single Malt,Whisky,Irland
Kackelbryggeriet Ale,Öl,Sverige
S By Sweden,Mousserande vin,Frankrike
Remmarlöv The Holley Organic Blonde Ale,Öl,Sverige
Spitzerberg,Rött vin,Österrike
Malvira Tre Uve,Vitt vin,Italien
Remmarlöv The Jeenius IPA,Öl,Sverige
The Hundred,Rött vin,Australien
Willunga 100 Grenache,Rött vin,Australien
Willunga 100 Cabernet Shiraz,Rött vin,Australien
Pago el Espino Petit Verdot Merlot Tempranillo,Rött vin,Spanien
Robert Sinskey Vineyards Pinot Noir,Rött vin,USA
Tinpot Hut Sauvignon Blanc,Vitt vin,Nya Zeeland
Tinpot Hut Pinot Noir,Rött vin,Nya Zeeland
Tomatin Five Virtues Earth Edition,Whisky,Storbritannien
Amante,Rött vin,Italien
Appassionante 1848 Sorio,Rött vin,Italien
Bernard Fouquet Vouvray Brut,Mousserande vin,Frankrike
Kleine Zalze Family Reserve Shiraz,Rött vin,Sydafrika
Ca' del Sette Bacca del Merlo,Vitt vin,Italien
Sansibar Landmark London 9 Years,Whisky,Storbritannien
Sansibar Landmark Paris 8 Years,Whisky,Storbritannien
Harpoon Hoppy Adventure DIPA,Öl,USA
Jean Claude Lapalu Eau Forte,Rött vin,Frankrike
Priorat Les Tosses,Rött vin,Spanien
Amarcord La Gradisca,Öl,Italien
La Pierre Gamay,Rött vin,Frankrike
La Pierre Chardonnay,Vitt vin,Frankrike
Elogio alla Lentezza,Vitt vin,Italien
I Pastini Spumante Brut,Mousserande vin,Italien
1865 Sauvignon Blanc,Vitt vin,Chile
Arnot-Roberts Watson Ranch Chardonnay,Vitt vin,USA
Arnot-Roberts Syrah,Rött vin,USA
Elephant Hill Reserve Syrah,Rött vin,Nya Zeeland
Substance Sauvignon Blanc Vineyard Collection,Vitt vin,USA
Swan Bay Chardonnay,Vitt vin,Australien
Elephant Hill Reserve Chardonnay,Vitt vin,Nya Zeeland
Tenuta Marini Fiano,Vitt vin,Italien
Gérard Bertrand Clos d Óra,Rött vin,Frankrike
Ghost Grale,Öl,Sverige
Tina Spumante Extra Dry,Mousserande vin,Italien
Rampaniuci,Rött vin,Italien
Peruzzi,Mousserande vin,Italien
Villa Cavallo,Rött vin,Italien
N Rouge,Rött vin,Frankrike
Magico Douro,Rött vin,Portugal
Cuvée the Pleaser The Per Gessle Selection,Mousserande vin,Frankrike
Cuvée the Convincer The Per Gessle Selection,Mousserande vin,Frankrike
Andra Generationen,Rött vin,Republiken Makedonien
Château Famaey Tradition Malbec,Rött vin,Frankrike
Colección Vivanco 4 Varietales,Rött vin,Spanien
Coteaux du Layon Les Perrières,Vitt vin,Frankrike
Cask Islay Single Malt,Whisky,Storbritannien
Stronachie 10 Years,Whisky,Storbritannien
Château Rival Bellevue,Rött vin,Frankrike
Nodus Bobal,Rött vin,Spanien
Paloma de Plata Albariño,Vitt vin,Spanien
Priorat Les Manyes,Rött vin,Spanien
Priorat Terra de Cuques,Vitt vin,Spanien
Ponte das Canas,Rött vin,Portugal
Corteforte Il Sole di Corteforte Veneto,Vitt vin,Italien
Xavier Loriot 100S Zero Dosage Extra Brut,Mousserande vin,Frankrike
Château La Lacroix Cantenac,Rött vin,Frankrike
Xi-Ro Domaine Ligas,Rött vin,Grekland
Nodus Tinto de Autor,Rött vin,Spanien
Cazals Claude Carte Or Grand Cru Brut,Mousserande vin,Frankrike
Xavier Loriot 100S Sans Sulfites ajoutes,Mousserande vin,Frankrike
Gramona Enoteca Brut Nature Gran Reserve,Mousserande vin,Spanien
Giant Step Sexton Vineyard Chardonnay,Vitt vin,Australien
Dry Szamorodni Samuel Tinon,Vitt vin,Ungern
Elephant Hill Syrah,Rött vin,Nya Zeeland
Dolia Le Paradis,Rött vin,Frankrike
Gevrey Chambertin Alain Burguet,Rött vin,Frankrike
Sgajo Prosecco,Mousserande vin,Italien
Mistinguett Brut,Mousserande vin,Spanien
Corsendonk Agnus Tripel,Öl,Belgien
Natura Duche d´Uzes Blanc,Vitt vin,Frankrike
Abdyika First Selection Reserve,Rött vin,Bulgarien
Airen Sauvignon,Vitt vin,Spanien
Garnacha Tempranillo,Rött vin,Spanien
Vitis Barbera d'Asti,Rött vin,Italien
Castello Di Torre In Pietra Syrah,Rött vin,Italien
Viven Blond,Öl,Belgien
Saint Veran Les Terres Noir,Vitt vin,Frankrike
Aberlour 12 Years,Whisky,Storbritannien
Fuller's ESB,Öl,Storbritannien
Fuller's India Pale Ale,Öl,Storbritannien
El Nómada Finca De La Rica,Rött vin,Spanien
Castello Di Torre In Pietra Chardonnay,Vitt vin,Italien
Castello Di Torre In Pietra Brut,Mousserande vin,Italien
Cuilleron St Pierre,Vitt vin,Frankrike
Menetou-Salon Domaine Jean Teiller,Vitt vin,Frankrike
Macon Chardonnay,Vitt vin,Frankrike
Saint-Veran La Côte Rôtie,Vitt vin,Frankrike
Gricos Aglianico del Vulture,Rött vin,Italien
Quinta Da Aveleda Vinho Verde,Vitt vin,Portugal
Mathelin Tradition Brut,Mousserande vin,Frankrike
Mathelin L’Orée des Chênes Brut,Mousserande vin,Frankrike
Mathelin Rosé de Saignée Brut,Mousserande vin,Frankrike
Mathelin Prestige Millesime Brut,Mousserande vin,Frankrike
Mathelin Bonne Boxlåda 1,Mousserande vin,Frankrike
Dumangin La Cuvée,Mousserande vin,Frankrike
Dumangin Le Rosé,Mousserande vin,Frankrike
Dumangin L´ Extra Brut,Mousserande vin,Frankrike
Reserva de la Familia Juvé y Camps,Mousserande vin,Spanien
Dumangin Premium Blanc De Blancs Extra Brut,Mousserande vin,Frankrike
Dumangin Vinothèque Premier Cru Brut,Mousserande vin,Frankrike
ÀN/2,Rött vin,Spanien
Edward Blom Merlot Cabernet Sauvignon,Rött vin,Frankrike
Helsingborgs Funky Monkey American Pale Ale,Öl,Sverige
Ojai Puerta del Mar Chardonnay,Vitt vin,USA
Grus Mezcla Tinta,Rött vin,Chile
RHU Mezcla Tinta,Rött vin,Chile
Alzinger Grüner Veltliner Reserve,Vitt vin,Österrike
Alzinger Hollerin Riesling Smaragd,Vitt vin,Österrike
Ribas Lira FTF 27,Rött vin,Portugal
Fontodi Chianti Classico Azienda Agricola Fontodi,Rött vin,Italien
Flaccianello della Pieve Fontodi,Rött vin,Italien
Chianti Classico Vigna del Sorbo Fontodi,Rött vin,Italien
Weihenstephan & Sierra Nevada Braupakt,Öl,Tyskland
Black Stallion Russian River Pinot Noir,Rött vin,USA
Codorníu Ecológica Brut,Mousserande vin,Spanien
Amundsen & Stillwater Norwegian Wild Nordic Berries Sour,Öl,Norge
Box Quercus 2 Alba,Whisky,Sverige
Anchor Coffee Porter,Öl,USA
Quentaurus,Rött vin,Italien
Il Primo Chianti Superiore,Rött vin,Italien
Primavolta Bianco,Vitt vin,Italien
Valpolicella Ripasso Classico Superiore Corteforte,Rött vin,Italien
UnCulin Negre,Rött vin,Spanien
Métairie d’Alon Chardonnay Le Village,Vitt vin,Frankrike
Métairie d’Alon Pinot Noir Le Village,Rött vin,Frankrike
Martini Prosecco,Mousserande vin,Italien
Ballast Point Sour Wench Blackberry Sour Ale,Öl,USA
Ballast Point High West Barrel Aged Victory At Sea,Öl,USA
Aecht Schlenkerla Fastenbier,Öl,Tyskland
Codice V Mazzei,Vitt vin,Italien
Rabl Riesling Vinum Optimum,Vitt vin,Österrike
Hajszan-Neumann Natural Muskateller,Vitt vin,Österrike
Wieninger Rosengartl Gemischter Satz,Vitt vin,Österrike
Philipponnat Clos de Goisses,Mousserande vin,Frankrike
Leeu Passant,Rött vin,Sydafrika
L'Ancien Terres Dorées,Rött vin,Frankrike
Mullineux Leeu Passant Chardonnay,Vitt vin,Sydafrika
Saint Clair Pioneer Block 11 Dillons Point Chardonnay,Vitt vin,Nya Zeeland
Pouilly-Fumé Château de Tracy,Vitt vin,Frankrike
Magic Valley DIPA,Öl,Sverige
Linkwood Rare Vintage Gordon & MacPhail,Whisky,Storbritannien
Strathisla Rare Vintage Gordon & MacPhail,Whisky,Storbritannien
Glenburgie Rare Vintage Gordon & MacPhail,Whisky,Storbritannien
Captain Lawrence Barrel Select Gold,Öl,USA
Szepsy Tokaji Estate Furmint,Vitt vin,Ungern
Tokaji Aszu 6 Puttonyos Istvan Szepsy,Vitt vin,Ungern
Teeling Brabazon Series 2 Port Cask,Whisky,Irland
Asmara,Öl,Eritrea
Innis & Gunn Tullamore Dew Barrel Aged Stout,Öl,Storbritannien
Bruichladdich Black Art 5,Whisky,Storbritannien
Bruichladdich Octomore 7.3,Whisky,Storbritannien
Bruichladdich Octomore 6.1,Whisky,Storbritannien
Saint Clair Wairau Reserve Sauvignon Blanc,Vitt vin,Nya Zeeland
Markowitsch Ried Kirchweingarten Zweigelt,Rött vin,Österrike
Châteauneuf-du-Pape Lieu-Dit Pignan Pierre Henri Morel,Rött vin,Frankrike
Sydhang Muhr-van der Niepoort,Rött vin,Österrike
Chablis Premier Cru Fourchaume La Chablisienne,Vitt vin,Frankrike
Bruichladdich The Organic,Whisky,Storbritannien
Bruichladdich Bere,Whisky,Storbritannien
Longmorn Rare Vintage Refill Sherry Cask,Whisky,Storbritannien
Skouras Moscofilero,Vitt vin,Grekland
Nemea St George,Rött vin,Grekland
Honoro Vera Organic Monastrell,Rött vin,Spanien
La Marimorena Albariño Sobre Lías,Rött vin,Spanien
Invisible Man Tempranillo,Rött vin,Spanien
Togouchi Kiwami,Whisky,Japan
Akashi Meisei,Whisky,Japan
Hovfrökens Himmelska Brown Ale,Öl,Sverige
Yellow Rose American Whiskey,Whisky,USA
Yellow Rose Rye,Whisky,USA
Yellow Rose Rye Maple Finish,Whisky,USA
Masso Antico Primitivo Appassito,Rött vin,Italien
Amrut Blackadder Raw Cask,Whisky,Indien
English Whisky Sauternes Cask 9 Years,Whisky,Storbritannien
Mortlach Rare Vintage First Fill Sherry Cask,Whisky,Storbritannien
Highland Park The MacPhails's Collection,Whisky,Storbritannien
Port Charlotte Cooper's Choice Single Cask 11 Years Old,Whisky,Storbritannien
Glenallachie Single Cask 25 Years Old,Whisky,Storbritannien
Glenburgie Single Cask 25 Years Old,Whisky,Storbritannien
Bunnahabhain Cooper's Choice Single Cask 27 Years Old,Whisky,Storbritannien
VRUCARA Nero d'Avola,Rött vin,Italien
Longrow Red 11 Years Old Cabernet Franc,Whisky,Storbritannien
Göteborgs Nya Starkpilsner,Öl,Sverige
Ben Riach 22 Years Old Wood Finish Dark Rum,Whisky,Storbritannien
BenRiach 22 Years Old Wood Finish Albariza Peated,Whisky,Storbritannien
GlenGlassaugh Virgin Oak Wood Finish Peated,Whisky,Storbritannien
GlenGlassaugh Port Wood Finish Unpeated,Whisky,Storbritannien
GlenGlassaugh PX Wood Finish Unpeated,Whisky,Storbritannien
Balvenie TUN 1509 Batch 4,Whisky,Storbritannien
GlenDronach Peated Port Wood Finish,Whisky,Storbritannien
Domaine Bott-Geyl Riesling Les Éléments,Vitt vin,Frankrike
Chateau la Reyne L'Excellence,Rött vin,Frankrike
Château de Nages Vieille Vignes Rouges,Rött vin,Frankrike
Michter's 10 Year Kentucky Straight Bourbon,Whisky,USA
James McTaggart Anniversary Malt,Whisky,Storbritannien
Isle of Arran 21Years Old Single Sherry Cask HH 1996/1116,Whisky,Storbritannien
Isle of Arran 21 Years Old Single Sherry Cask HH 1996/187,Whisky,Storbritannien
English Whisky Sherry Cask 5 Years,Whisky,Storbritannien
Peat Reek Embers Caroni Finish,Whisky,Storbritannien
Black Snake Vat 3 Third Venom,Whisky,Storbritannien
Bunnahabhain Blackadder Raw Cask Sherry Finish 28 Years,Whisky,Storbritannien
Braes of Glenlivet Blackadder Raw Cask 22 Years,Whisky,Storbritannien
Bladnoch Blackadder Raw Cask Sherry Finish no 8274 25 Years,Whisky,Storbritannien
Bladnoch Blackadder Raw Cask Statement Wine Finish no 8272 24 Years,Whisky,Storbritannien
Tomatin Blackadder Raw Cask Statement Sherry Finish no 9727 24 Years,Whisky,Storbritannien
Blackadder Peat Reek Raw Cask Sherry Finish 10 Years,Whisky,Storbritannien
Dailuaine Raw Cask no 7537 21 Years,Whisky,Storbritannien
Black Snake Vat 4 Third Venom,Whisky,Storbritannien
Vincent Gaudry Pour Vous,Vitt vin,Frankrike
Clos Mustardó,Rött vin,Spanien
Pazo Pondal Godello,Vitt vin,Spanien
Galena,Rött vin,Spanien
Nebbiolo d'Alba Camparo,Rött vin,Italien
UnCulin Doña Blanca Godello,Vitt vin,Spanien
Alzinger Riesling Reserve,Vitt vin,Österrike
Lundabryggeriets Paket,Öl,Sverige
Cragganmore Distillers Edition,Whisky,Storbritannien
Domaine Lalande Sauvignon Blanc,Vitt vin,Frankrike
Malkoa,Vitt vin,Spanien
Liefmans Kriek,Öl,Belgien
Charles de Fère Rosé Brut,Mousserande vin,Frankrike
Menetou-Salon le Clos de la Cure,Vitt vin,Frankrike
La Trappe Quadrupple,Öl,Nederländerna
ÀN,Rött vin,Spanien
Condado de Oriza 409,Rött vin,Spanien
Manero Rosso,Rött vin,Italien
Chianti Colli Senesi Tenute del Cerro,Rött vin,Italien
Äppelbo Imperial Nitro Stout,Öl,Sverige
Parés Baltà Brut,Mousserande vin,Spanien
Twisted Twin DIPA,Öl,Sverige
Raventós i Blanc l'Hereu Brut,Mousserande vin,Spanien
African Pale Ale,Öl,Sverige
The Cloud Factory Sauvignon Blanc,Vitt vin,Nya Zeeland
The Big Top Zinfandel,Rött vin,USA
Domaine Mas Barrau Cabernet Franc,Rött vin,Frankrike
Le Dolci Colline Prosecco Brut,Mousserande vin,Italien
Rolly Gassmann Pinot Blanc,Vitt vin,Frankrike
Rolly Gassmann Riesling De Rorschwihr,Vitt vin,Frankrike
Rolly Gassmann Riesling Silberberg De Rorschwihr,Vitt vin,Frankrike
Rolly Gassmann Riesling Kappelweg De Rorschwihr,Vitt vin,Frankrike
Rolly Gassmann Pinot Noir De Rodern,Rött vin,Frankrike
Rolly Gassmann Pinot Noir Rorschwihr,Rött vin,Frankrike
Rolly Gassmann Gewurztraminer,Vitt vin,Frankrike
Rolly Gassmann Gewurztraminer Brandhurst De Bergheim Selection De Grain Nobles,Vitt vin,Frankrike
Rolly Gassmann Gewurztraminer Stegreben De Rorschwihr Selection Grain Nobles,Vitt vin,Frankrike
Alhambra Special,Öl,Spanien
Cristal,Öl,Peru
Robert Wells Boogie Beer,Öl,Tjeckien
Evans & Tate Breathing Space Sauvignon Blanc,Vitt vin,Australien
La Trappe Isid'or,Öl,Nederländerna
Antica Chiusina,Rött vin,Italien
Stockholm Brewing India Pale Ale,Öl,Sverige
Koval Four Grain,Whisky,USA
La Mujer Cañón Uvas Felices,Rött vin,Spanien
Ingefära Ale,Öl,Sverige
Koval Millet,Whisky,USA
Puligny-Montrachet Domaine Pernot Belicard,Vitt vin,Frankrike
Herman Hedning Selfish Bastard,Öl,Sverige
Zlatan Otok Posip,Vitt vin,Kroatien
Zlatan Otok Crljenak,Rött vin,Kroatien
Joars Gästabud,Öl,Sverige
Joars Skvattram,Öl,Sverige
Lidköping Spumante,Mousserande vin,Italien
Fryken Havre Ale,Öl,Sverige
La Corte del Pozzo Amarone della Valpolicella,Rött vin,Italien
Langhe La Tartufaia Giulia Negri Pinot Noir,Rött vin,Italien
Liefmans Fruitesse,Öl,Belgien
Turner Pageot Les Choix,Rött vin,Frankrike
Viven Porter,Öl,Belgien
Southern Right Pinotage,Rött vin,Sydafrika
Calles Riesling,Vitt vin,Tyskland
Ti Amo Spumante Brut,Mousserande vin,Italien
Natura Duche d´Uzes Rouge,Rött vin,Frankrike
Kanonkop Paul Sauer,Rött vin,Sydafrika
Negra Modelo,Öl,Mexiko
Jacob's Creek Earth Vine Grape Shiraz Cabernet Sauvignon,Rött vin,Australien
Tommasi Graticcio Appassionato,Rött vin,Italien
Jacob's Creek Barossa Reserve Shiraz,Rött vin,Australien
Meerlust Cabernet Sauvignon,Rött vin,Sydafrika
Langhe Nebbiolo Azelia,Rött vin,Italien
Cuvée Royale Blanc de Blancs,Mousserande vin,Sydafrika
Côte-Rôtie Brune et Blonde Guigal,Rött vin,Frankrike
Craigellachie 13 Aged Years,Whisky,Storbritannien
Cecchi Sangiovese,Rött vin,Italien
Jonty's Ducks Pekin White,Vitt vin,Sydafrika
Castoro Cellars Reserve Grenache,Rött vin,USA
Ben Nevis Sinlge White Port Cask 10 Years,Whisky,Storbritannien
Ben Nevis 25 Years,Whisky,Storbritannien
Ben Nevis Port Wood 21 Years,Whisky,Storbritannien
Ben Nevis De Luxe Blended 12 Years,Whisky,Storbritannien
Ben Nevis Macdonald´s Glencoe 8 Years,Whisky,Storbritannien
Louis Roederer Brut Vintage,Mousserande vin,Frankrike
Highland Journey Blended Malt,Whisky,Storbritannien
Skebo Herrgårdsporter,Öl,Sverige
Terreno Bianco Professore,Vitt vin,Italien
Terreno ASofia Sangiovese,Rött vin,Italien
Anders En Bitter Svensk,Öl,Sverige
The Fat Lady Sings,Rött vin,Italien
Dr von Bassermann-Jordan Riesling Trocken,Vitt vin,Tyskland
Bernhart Spätburgunder RG,Rött vin,Tyskland
Bernhart -S- Spätburgunder Trocken Erste Lage,Rött vin,Tyskland
Weinhof Scheu Kalkstein Weissburgunder Trocken,Vitt vin,Tyskland
Weinhof Scheu Riesling Trocken,Vitt vin,Tyskland
Arran Lochranza Reserve,Whisky,Storbritannien
Vinosìa Santandrea Taurasi,Rött vin,Italien
Vinosìa Neromora Irpinia,Rött vin,Italien
Vinosìa Falanghina Beneventano,Vitt vin,Italien
Vinosìa Greco di Tufo L'Ariella,Vitt vin,Italien
Vinosìa Fiano d'Avellino Le Grade,Vitt vin,Italien
Elvio 1 Rosso,Rött vin,Italien
Bourgogne La Moutonnière Roux Père & Fils,Rött vin,Frankrike
Mercurey La Perrières Domaine Roux,Rött vin,Frankrike
Rully Clos des Mollepierres Domaine Roux,Vitt vin,Frankrike
King Estate Signature Pinot Gris,Vitt vin,USA
Old School Rouge,Rött vin,Frankrike
Condado de Oriza Reserva,Rött vin,Spanien
Huia Pinot Noir,Rött vin,Nya Zeeland
Grado Plato Kukumerla,Öl,Italien
Grado Plato Melissa,Öl,Italien
Huia Sauvignon Blanc,Vitt vin,Nya Zeeland
Svyturys Ekstra,Öl,Litauen
Brutal Brewing A Ship Full of IPA India Pale Ale,Öl,Sverige
Sancerre Domaine La Croix St-Laurent,Vitt vin,Frankrike
Pazzione Cuveé Prestige,Mousserande vin,Italien
Moulin Blanc Sauvignon Blanc Chardonnay,Vitt vin,Frankrike
Bellflower Zinfandel Premium Reserve,Rött vin,USA
Waipara Hills Pinot Noir,Rött vin,Nya Zeeland
Due Padri Rosso Piceno,Rött vin,Italien
Badaceli De la Solana,Rött vin,Spanien
Hardys Nottage Hill Cabernet Shiraz,Rött vin,Australien
Andean Vineyards Syrah,Rött vin,Argentina
Hardys Nottage Hill Chardonnay,Vitt vin,Australien
Templárské Sang Real Sekt Brut,Mousserande vin,Tjeckien
Brochet Réserve Sauvignon Blanc,Vitt vin,Frankrike
Grebbestad IPL,Öl,Sverige
Templárské Sang Real Sekt Demi Sec,Mousserande vin,Tjeckien
BenMarco Cabernet Sauvignon,Rött vin,Argentina
Saison Dupont Biologique,Öl,Belgien
Un Poco Primitivo,Rött vin,Italien
Templárské Ryzlink Rýnský-Riesling,Vitt vin,Tjeckien
F De Cascastel,Rött vin,Frankrike
Cernovar Mörk Lager,Öl,Tjeckien
Cernovar Ljus Lager,Öl,Tjeckien
Postrizinske Tmavé Mörk Lager,Öl,Tjeckien
La Poja,Rött vin,Italien
Casa Nostra Appassimento,Rött vin,Italien
Sansibar Islay Malt 8 Years,Whisky,Storbritannien
Glenmorangie Spìos,Whisky,Storbritannien
Glenmorangie Signet,Whisky,Storbritannien
Oban Distillers Edition,Whisky,Storbritannien
Ledaig Amontillado 13 Years Old,Whisky,Storbritannien
Deanston Red Wine Matured,Whisky,Storbritannien
Bunnahabhain Moine Brandy Finish,Whisky,Storbritannien
Gruvguld,Whisky,Sverige
Cecchi Riserva di Famiglia Chianti Classico,Rött vin,Italien
Castello Fonterutoli Gran Selezione,Rött vin,Italien
Munjebel Etna Rosso,Rött vin,Italien
Contadino Etna Rosso,Rött vin,Italien
'a Rina Etna Rosso Girolamo Russo,Rött vin,Italien
Weingut F.X Pichler Bürgstall Riesling Fedespiel,Vitt vin,Österrike
Campogiovanni Brunello di Montalcino,Rött vin,Italien
Fontanasanta Manzoni Bianco,Vitt vin,Italien
Trebbiolo Rosso La Stoppa,Rött vin,Italien
Pichler Grüner Veltliner Smaragd Dürnsteiner,Vitt vin,Österrike
Lancewood Sauvignon Blanc,Vitt vin,Nya Zeeland
Mortlach 25 Years,Whisky,Storbritannien
Savoia Valpolicella Classico Superiore Campo del Bigio,Rött vin,Italien
Savoia Valpolicella Ripasso Campo Carlin,Rött vin,Italien
Calles Riesling,Vitt vin,Tyskland
Chinon Rouge Le Puy Blanc,Rött vin,Frankrike
Samos Vin Doux,Vitt vin,Grekland
MilleUna Bacmione Primitivo di Manduria,Rött vin,Italien
GlenDronach Recherché Cask No 5 44 Years,Whisky,Storbritannien
Campolargo Espumante Brut,Mousserande vin,Portugal
Riesling Premium Réserve,Vitt vin,Frankrike
Sancerre Domaine Michel Girard,Vitt vin,Frankrike
Savoia Amarone della Valpolicella Classico Vigneti dei Coali,Rött vin,Italien
Conero Riserva Umani Ronchi,Rött vin,Italien
Dugges All The Way Session IPA,Öl,Sverige
Strömstad IPA,Öl,Sverige
Strömstad Pilsner,Öl,Sverige
Strömstad Pale Ale,Öl,Sverige
New York Lager Nørrebro Bryghus,Öl,Danmark
UW India Pale Ale,Öl,Danmark
Amundsen Lush Rasp & Lime Berlner,Öl,Norge
Amundsen Apocalyptic Thunder Juice NEIPA,Öl,Norge
Norrsken Hazy IPA Orsholms Brygghus,Öl,Sverige
Alzinger Grüner Veltliner Hochstrasser Federspiel,Vitt vin,Österrike
Quinta dos Lobatos Tinto,Rött vin,Portugal
Quinta do Javal TN,Rött vin,Portugal
Quinta do Javali Reserva,Rött vin,Portugal
Quinta do Javali Old Vines,Rött vin,Portugal
Uppsala Brygghus Fyrisch Ale,Öl,Sverige
Glen Grant The Major's Reserve,Whisky,Storbritannien
Einstök Icelandic White Ale,Öl,Island
Einstök Icelandic Toasted Porter,Öl,Island
Jura Diurachs' Own 16 Years,Whisky,Storbritannien
Einstök Icelandic Pale Ale,Öl,Island
Einstök Ice Doppelbock,Öl,Island
Lucky Buddha,Öl,Folkrepubliken Kina
Château Pey La Tour Réserve Du Château,Rött vin,Frankrike
Terre Fenicie,Vitt vin,Italien
Dourthe No 1 Merlot Cabernet Sauvignon,Rött vin,Frankrike
Bryggmästarens Bästa Ekologiska,Öl,Sverige
Collevite Verdicchio Classico Superiore,Vitt vin,Italien
Saint Clair Pioneer Block 23 Pinot Noir,Rött vin,Nya Zeeland
Imperial Barley Wine Ridgeway Brewing,Öl,Storbritannien
Santa Tresa Frappato,Rött vin,Italien
Edla's Saison,Öl,Sverige
Nya Carnegiebryggeriet Krakatau,Öl,Sverige
Lur Tempranillo Reserva,Rött vin,Spanien
Herman Hedning Belzebub Blanche Bastard,Öl,Sverige
Malakias,Öl,Sverige
Special Club Premier Cru Brut,Mousserande vin,Frankrike
Redemption Rye 4 Years,Whisky,USA
Kanonkop Pinotage,Rött vin,Sydafrika
Hebrart Rive Gauche Rive Droite Grand Cru Extra Brut,Mousserande vin,Frankrike
James E. Pepper 1776 Rye,Whisky,USA
Elements of Islay Bw4,Whisky,Storbritannien
961 Beer American India Pale Ale,Öl,Libanon
Beirut Beer,Öl,Libanon
Cucapá Runaway IPA,Öl,Mexiko
North British 50 Years,Whisky,Storbritannien
Cucapá Chubacabras Pale Ale,Öl,Mexiko
Cucapá Lookout Blond Ale,Öl,Mexiko
Diebolt-Vallois Fleur de Passion Collection,Mousserande vin,Frankrike
Anjoli Priorat,Rött vin,Spanien
Firkin Ten,Whisky,Storbritannien
Yushan Blended Malt Whisky,Whisky,Övriga ursprung
Weingut Ansgar Clüsserath Trittenheimer Apotheke Riesling Auslese,Vitt vin,Tyskland
Weingut Ansgar Clüsserath Riesling Auslese,Vitt vin,Tyskland
Mike Hess Habitus DIPA,Öl,USA
Mike Hess Solis IPA,Öl,USA
Mike Hess Grapefruit Solis IPA,Öl,USA
MJ´s Dubbel IPA,Öl,Sverige
I do IPA,Öl,Sverige
Månhorns IPA,Öl,Sverige
Barolo Azienda Agricolo Cagliero,Rött vin,Italien
Brygghus 19 Smugglarhamnens Pilsner,Öl,Sverige
Ascheri Barolo Sorano,Rött vin,Italien
Ascheri Barbera d´Alba,Rött vin,Italien
Spioenkop Pinotage,Rött vin,Sydafrika
Spioenkop 1900 Pinotage,Rött vin,Sydafrika
Dedicato a Walter,Rött vin,Italien
Passi Reali Vino Organico,Rött vin,Italien
Corte Giara Amarone della Valpolicella,Rött vin,Italien
Platino Gold Moscato,Mousserande vin,Spanien
La Commedia Governo,Rött vin,Italien
Oyster Bay Sauvignon Blanc,Vitt vin,Nya Zeeland
Oyster Bay Pinot Noir,Rött vin,Nya Zeeland
Durbanville Hills Sauvignon Blanc,Vitt vin,Sydafrika
Durbanville Hills Pinotage,Rött vin,Sydafrika
Dolcetto Diano d'Alba Garabei,Rött vin,Italien
Barbera d'Alba Marminela,Rött vin,Italien
Gigondas Guigal,Rött vin,Frankrike
Châteauneuf-du-Pape Chante Cigale Blanc,Vitt vin,Frankrike
Massim Spumante,Mousserande vin,Italien
La Croix Iirrésistible Cru Classé,Rött vin,Frankrike
La Croix Cuvée Éloge Cru Classé,Rött vin,Frankrike
Lundabryggeriet Pilsner,Öl,Sverige
Savant Saison,Öl,Sverige
Nora Brygghus Pershyttepils,Öl,Sverige
Ego,Vitt vin,Sverige
Châteauneuf-du-Pape Classique,Rött vin,Frankrike
Pouilly-Fumé Clos Joanne D'Orion,Vitt vin,Frankrike
Coster de l'Ermita,Rött vin,Spanien
Leitz Dragonstone Riesling,Vitt vin,Tyskland
Anima de Raimat Tinto,Rött vin,Spanien
Leitz Rüdesheimer Berg Katerloch Roseneck riesling,Vitt vin,Tyskland
Bourgogne Aligoté Domaine Amiot Guy et Fils,Vitt vin,Frankrike
Le Contesse Treviso Extra Dry,Mousserande vin,Italien
Villovägens Falu Gruvlig,Öl,Sverige
Villovägens Falu Ljuvlig,Öl,Sverige
Södra Lager Ekologisk,Öl,Sverige
Christmann Meerspinne Riesling Grosses Gewächs,Vitt vin,Tyskland
Delas Chante-Perdrix Cornas,Rött vin,Frankrike
Talisker 6 Years,Whisky,Storbritannien
Caol Ila Provenance,Whisky,Storbritannien
Platte Valley Corn Whisky,Whisky,USA
Veuve Ambal Crémant de Bourgogne Brut,Mousserande vin,Frankrike
Secateurs Red Blend,Rött vin,Sydafrika
P.Lex Barolo,Rött vin,Italien
Amarone della Valpolicella Classico Cantina di Negrar,Rött vin,Italien
Malvasia of Crete,Vitt vin,Grekland
Okto Red,Rött vin,Grekland
Okto White,Vitt vin,Grekland
Compass Box The Lost blend Blended Malt Scotch Whisky,Whisky,Storbritannien
Benromach Chateau Cissac,Whisky,Storbritannien
Herold Granat Lager,Öl,Tjeckien
Benromach 100 Proof 10 Years Old,Whisky,Storbritannien
Brachetto d'Acqui Dolce Bersano,Mousserande vin,Italien
Virgin Islands Coffee Stout,Öl,USA
Lagunitas Daytime IPA,Öl,USA
Langhe Freisa,Rött vin,Italien
Langhe Favorita,Vitt vin,Italien
Leth Grüner Veltliner Familien Reserve,Vitt vin,Österrike
Cévennes Sauvignon Blanc,Vitt vin,Frankrike
Znovín Veltlínské Zelené-Grüner Veltliner,Vitt vin,Tjeckien
Templárské Muskát Moravský-Mähren Muskat,Vitt vin,Tjeckien
Baloun Frankovka Blaufrankisch,Rött vin,Tjeckien
Baloun Dornfelder Kabinet,Rött vin,Tjeckien
Baloun Pinot Noir Kabinet,Rött vin,Tjeckien
Valdehermoso Joven,Rött vin,Spanien
Baloun Zweigeltrebe Kabinet,Rött vin,Tjeckien
Baloun Chardonnay Kabinet,Vitt vin,Tjeckien
Baloun Sauvignon Kabinet,Vitt vin,Tjeckien
Baloun Pinot Blanc Kabinet,Vitt vin,Tjeckien
Gold Bohemia Beer,Öl,Tjeckien
Postrizinské Bogan,Öl,Tjeckien
Postrizinské Nezný Barbar,Öl,Tjeckien
Postrizinské Francins Lezák,Öl,Tjeckien
Kriek de Silenrieux,Öl,Belgien
Stödbensöl,Öl,Sverige
Paré Canavese Nebbiolo,Rött vin,Italien
Wolfberger Crémant Brut,Mousserande vin,Frankrike
Carema Riserva,Rött vin,Italien
Cantina Zaccagnini Pecorino,Vitt vin,Italien
Guillon Champagne,Whisky,Frankrike
Guillon Sauternes,Whisky,Frankrike
Guillon Cuvée 46,Whisky,Frankrike
10 Saints Rum Cask Aged Beer,Öl,Barbados
Boltmaker,Öl,Storbritannien
Sandahl Gold Standard Riesling,Vitt vin,Ungern
Terras Gauda O Rosal,Vitt vin,Spanien
Pagos de Aráiz Roble,Rött vin,Spanien
Ferrandière Pinot Noir,Rött vin,Frankrike
Young's Double Chocolate Stout,Öl,Storbritannien
Royal Canadian,Whisky,Kanada
Castillo de Alicante Red,Rött vin,Spanien
Jädraöl King Kong,Öl,Sverige
Terroir 2017/03,Rött vin,Varierande ursprung
The Hairy Beaver's Smoked Vanilla Porter,Öl,Sverige
Punk Royale,Öl,Sverige
Brygghuset Finn Callista Pils,Öl,Sverige
This Ale Is Irish Red,Öl,Sverige
Väsenserien: Troll Bergslagen Destilleri,Whisky,Sverige
Good Guys Brew Freaky Teeth,Öl,Sverige
Weingut Ansgar Clüsserath Trittenheimer Apotheke Riesling Kabinett,Vitt vin,Tyskland
Julian Haart Riesling,Vitt vin,Tyskland
Novo Brazi Samba Haze IPA,Öl,USA
Novo Brazi Ipanema DIPA,Öl,USA
Julian Haart Piesporter Riesling,Vitt vin,Tyskland
Julian Haart Piesporter Goldtröpfchen Spätlese Riesling,Vitt vin,Tyskland
Julian Haart Wintricher Ohligsberg Spätlese Riesling,Vitt vin,Tyskland
Niederhäuser Hermannshöhle Riesling,Vitt vin,Tyskland
Dom Rafael,Rött vin,Portugal
Säntis Malt Edition Sigel,Whisky,Schweiz
Säntis Malt Edition Dreifaltigkeit,Whisky,Schweiz
Noè Monferrato Bianco,Vitt vin,Italien
Ruanera Monferrato Rosso,Rött vin,Italien
Sonvico Monferrato Rosso,Rött vin,Italien
Barabera d'Asti Vigne dell'Angelo,Rött vin,Italien
Barbera d'Asti La Barbatella,Rött vin,Italien
Bootleg Easter Brew,Öl,Sverige
WA Prosecco,Mousserande vin,Italien
Izakaya White,Vitt vin,Portugal
Mionetto Prestige Rosé,Mousserande vin,Italien
Patz & Hall Dutton Ranch Chardonnay,Vitt vin,USA
Patz & Hall Sonoma Coast Pinot Noir,Rött vin,USA
Patz & Hall Hyde Vineyard Pinot Noir,Rött vin,USA
Patz & Hall Hyde Vineyard Chardonnay,Vitt vin,USA
Novo Brazil The Mango IPA,Öl,USA
Pierre Moncuit Hugues de Coulmet Blanc de Blancs Brut,Mousserande vin,Frankrike
Pierre Moncuit Brut Millésime,Mousserande vin,Frankrike
Brangero Langhe Arneis,Vitt vin,Italien
Barolo Monvigliero,Rött vin,Italien
Langhe Nebbiolo Quattro Cloni,Rött vin,Italien
Pigato Riviera Ligure di Ponte,Vitt vin,Italien
Langhe Rosso Tre Marzo,Rött vin,Italien
Säntis Malt Edition Himmelberg,Whisky,Schweiz
Ängöl Påskens Weissbock,Öl,Sverige
Rosso Colli Tortonesi Oltretorrente,Rött vin,Italien
Di Fatto Monferrato Rosso,Rött vin,Italien
Bonnes Mares Grand Cru Robert Groffier Père et Fils,Rött vin,Frankrike
Domaine de Verquière Rasteau,Rött vin,Frankrike
Gustave Lorentz Evidence Pinot Gris,Vitt vin,Frankrike
The Macallan Reflexion,Whisky,Storbritannien
Cafaggio di Toscana Sangiovese,Rött vin,Italien
Yalumba Organic Shiraz,Rött vin,Australien
Torres Conde de Superunda,Rött vin,Chile
Poppels Russian Imperial Stout,Öl,Sverige
Nils Oscar Pale Ale,Öl,Sverige
Pata Negra Reserva,Rött vin,Spanien
Robertson Lightly Sparkling Sauvignon Blanc,Vitt vin,Sydafrika
King Estate Signature Pinot Noir,Rött vin,USA
Sancerre Le Rochoy,Vitt vin,Frankrike
Sancerre Le Grand Rochoy,Vitt vin,Frankrike
Errazuriz MAX Reserva Syrah,Rött vin,Chile
Grästorps Pelles Pils,Öl,Sverige
Scaia Garganega Chardonnay,Vitt vin,Italien
Juliénas Domaine De La Conseillère,Rött vin,Frankrike
Pulteney 7 Years,Whisky,Storbritannien
Shepherd Neame Brilliant Ale,Öl,Storbritannien
Wermlands IPA,Öl,Sverige
Douglas Laing Rock Oyster Blended Malt,Whisky,Storbritannien
Brygghus 19 Trossöl,Öl,Sverige
Disponent Fredings Starkporter,Öl,Sverige
Tappar Finas Pale Ale,Öl,Sverige
Perdition Sour Raspberry Stout,Öl,Sverige
Gehenna Sour Ale,Öl,Sverige
Langhe Nebbiolo Montegrilli,Rött vin,Italien
The Econic Zinfandel,Rött vin,USA
Glentauchers 16 Years,Whisky,Storbritannien
Glentauchers 18 Years,Whisky,Storbritannien
Antiche Terre Venete Valpolicella,Rött vin,Italien
Montirius Terre des Aînés,Rött vin,Frankrike
Les Cigales de Montirius,Rött vin,Frankrike
Urban Deli Cava,Mousserande vin,Spanien
Jacob´s Creek Wah Red,Rött vin,Australien
Rocca di Montemassi Governo,Rött vin,Italien
The Big Smoke,Whisky,Storbritannien
Glentauchers 6 Years,Whisky,Storbritannien
Bourgogne Blanc Henri Boillot,Vitt vin,Frankrike
Miltonduff 6 Years,Whisky,Storbritannien
Bourgogne Rouge Henri Boillot,Rött vin,Frankrike
Birichino Saint Georges Zinfandel,Rött vin,USA
Domaine Horgelus Sauvignon Gros Manseng,Vitt vin,Frankrike
Bianco dell´Arnasa Chardonnay,Vitt vin,Italien
Oakridge Local Vineyard Series Willowlake Chardonnay,Vitt vin,Australien
Giuseppe Quintarelli Alzero Cabernet,Rött vin,Italien
Giuseppe Quintarelli Rosso del Bepi,Rött vin,Italien
Barbera D'Alba Volupta,Rött vin,Italien
Omnipollo Zodiak,Öl,Internationellt märke
Bernard Hatté & Fils Cuvée Benjamin Grand Cru Brut,Mousserande vin,Frankrike
Opat Bitter,Öl,Tjeckien
Opat Tmavé,Öl,Tjeckien
Opat Honungslager,Öl,Tjeckien
Rudie Session IPA,Öl,USA
Dr von Bassermann-Jordan Auf der Mauer Riesling Trocken,Vitt vin,Tyskland
Fontanafredda Barbaresco,Rött vin,Italien
Bernhart Spätburgunder Gutswein Trocken,Rött vin,Tyskland
Fracas Red Imperial Hoppy Red Ale,Öl,USA
Death Becomes You Amber Ale,Öl,Mexiko
Death Rides A Pale Horse Blonde Ale,Öl,Mexiko
Pay The Ferryman Porter,Öl,Mexiko
Curto Dolcetto d'Alba Curto Marco,Rött vin,Italien
Jean-Pierre Launois Gran Cru Blanc de Blancs Brut,Mousserande vin,Frankrike
Jean Pierre Launois Millésime Blanc de Blancs Brut Gran Cru,Mousserande vin,Frankrike
Claude Michez Cuvee Prestige Millésime,Mousserande vin,Frankrike
Claude Michez Cuvee D'Antan Vieilles Vignes Extra Brut,Mousserande vin,Frankrike
Françoise Secondé La Loge Grand Cru Blanc de Noirs,Mousserande vin,Frankrike
Cónclave Reserva,Rött vin,Spanien
Les Pierres Noires Maupertius,Rött vin,Frankrike
Birgit Braunstein Pinot Blanc,Vitt vin,Österrike
Birgit Braunstein Blaufränkisch Leithaberg,Rött vin,Österrike
Birgit Braunstein Chardonnay Felsenstein,Vitt vin,Österrike
Birgit Braunstein Pinot vom Berg,Rött vin,Österrike
Côtes du Rhône Village Excellence,Vitt vin,Frankrike
Côtes du Rhône Village Laudun Clos de Taman,Rött vin,Frankrike
Jean Claude Gueth Harmonie,Vitt vin,Frankrike
Godelia Cuvée Brut Reserva,Mousserande vin,Spanien
Viña Pomal Organic,Rött vin,Spanien
Nine Tales Amber Ale,Öl,Australien
Volkan Santorini White,Öl,Grekland
Volkan Santorini Blonde,Öl,Grekland
Volkan Santorini Black,Öl,Grekland
Mullineux Quartz Chenin,Vitt vin,Sydafrika
Kunde Reserve Century Wines Zinfandel,Rött vin,USA
Chablis Grand Cru Les Preuses Clotilde Davenne,Vitt vin,Frankrike
Barolo Gramolere,Rött vin,Italien
Puro Chardonnay,Vitt vin,Italien
Barbera d'Asti Stockholms Studentsångare,Rött vin,Italien
Domaine Cady Cheninsolite Anjou,Vitt vin,Frankrike
Côteaux Du Layon Chaume Cady Premier Cru,Vitt vin,Frankrike
Côteaux Du Layon Cady Sélection de Grains Nobles,Vitt vin,Frankrike
Philippe Gonet Cuvée 3210 Blanc de Blancs Extra Brut,Mousserande vin,Frankrike
Philippe Gonet Roy Soleil Blanc de Blanc Grand Cru,Mousserande vin,Frankrike
Chablis J Moreau & Fils,Vitt vin,Frankrike
Augé-Dascier Prestige Brut,Mousserande vin,Frankrike
Larame Barbera D'Asti,Rött vin,Italien
Nizza Barbera D'Asti,Rött vin,Italien
Paul Goerg Blanc de Blancs Premier Cru Brut,Mousserande vin,Frankrike
Le Tap Bergerac Sec,Vitt vin,Frankrike
Le D De Dassault,Rött vin,Frankrike
Pap's Brut Rosé,Mousserande vin,Frankrike
Pap's Brut,Mousserande vin,Frankrike
Le Contesse Prosecco Treviso Organic Brut,Mousserande vin,Italien
The Macallan No 6,Whisky,Storbritannien
Eriksberg Karaktär,Öl,Sverige
Steinreich Riesling,Vitt vin,Tyskland
Vom Schifer Riesling,Vitt vin,Tyskland
Alfred Gratien Cuvée Paradis Brut,Mousserande vin,Frankrike
Kirchberg Riesling Gran Cru,Vitt vin,Frankrike
Corps de Loup Viognier,Vitt vin,Frankrike
Bourgogne Chardonnay,Vitt vin,Frankrike
Ca' del Sette Prosecco Extra Dry,Mousserande vin,Italien
Mionetto Prosecco Luxury,Mousserande vin,Italien
Château La Lagune Haut-Médoc Grand Cru,Rött vin,Frankrike
Castel del Monte Riserva Ragaletti,Rött vin,Italien
Cortes de Cima,Vitt vin,Portugal
Cuvée de Castleton Captain Lawrence,Öl,USA
Brekeriet Wrapped In Red,Öl,Sverige
Libertine Black Ale,Öl,Storbritannien
Passion (D)IPA,Öl,Sverige
Moscato d'Asti La Gatta,Vitt vin,Italien
The Macallan Ruby,Whisky,Storbritannien
Touraine Gamay,Rött vin,Frankrike
Cheverny Sauvignon Chardonnay,Vitt vin,Frankrike
Côte-Rôtie La Turque E.Guigal,Rött vin,Frankrike
Cuvée Angélique Brouwerij De Glazen Toren,Öl,Belgien
Choco Libre BrewDog,Öl,Storbritannien
Nils Oscar Granat,Öl,Sverige
Dieu du Ciel Péché Mortel,Öl,Kanada
Terra d'hom,Rött vin,Spanien
Clos Perraud Muscadet Sevre et Maine Sur Lie,Vitt vin,Frankrike
Vivanco Crianza,Rött vin,Spanien
Soave Classico Montresor,Vitt vin,Italien
Capitel della Crosara Ripasso,Rött vin,Italien
Pinot Gris Organic Cave de Ribeauvillé,Vitt vin,Frankrike
Izakaya Red,Rött vin,Portugal
Barolo Neirane,Rött vin,Italien
Barolo La Serra,Rött vin,Italien
Roland Champion Special Club Grand Cru,Mousserande vin,Frankrike
Châteauneuf du Pape Blanc,Vitt vin,Frankrike
Le7 Rosé,Mousserande vin,Frankrike
Chapter 6 St George's Distillery Rare Single Malt Whisky,Whisky,Storbritannien
Chapter 11 St George's Distillery Rare Single Malt Whisky,Whisky,Storbritannien
Sepp Moser Zweigelt Reserve,Rött vin,Österrike
Ben Nevis TKS No7,Whisky,Storbritannien
North British The Clan Denny 20 Years,Whisky,Storbritannien
Château Capet-Guillier,Rött vin,Frankrike
Sepp Zweigelt,Rött vin,Österrike
Navigator Fulltofta Gårdsbryggeri,Öl,Sverige
José Michel Special Club,Mousserande vin,Frankrike
Sierra Nevada Hop Bullet Double IPA,Öl,USA
Fuller's & Friends Flora & The Griffin,Öl,Storbritannien
Sepp Grüner Veltliner,Vitt vin,Österrike
Caol Ila Provenance 6 Years,Whisky,Storbritannien
Glenrothes Provenance 10 Years,Whisky,Storbritannien
Rabl Riesling Langenlois,Vitt vin,Österrike
Rabl Grüner Veltliner Langenlois,Vitt vin,Österrike
Poggio Nero Sangiovese,Rött vin,Italien
Man O' War Ironclad,Rött vin,Nya Zeeland
Weninger Merlot,Rött vin,Österrike
Weninger Hochäcker Blaufränkisch,Rött vin,Österrike
Oud Beersel Oude Geuze Vieille,Öl,Belgien
Oude Beersel Kriek Vieille,Öl,Belgien
Oud Beersel Framboise,Öl,Belgien
Sancerre Les Grandmontains,Vitt vin,Frankrike
Clos de Carthage,Rött vin,Tunisien
Dig This! Cabernet Sauvignon Organic,Rött vin,Sydafrika
Patchwork Grenache Petit Verdot,Rött vin,Sydafrika
Ayinger Celebrator Doppelbock,Öl,Tyskland
21 Gables Cabernet Sauvignon,Rött vin,Sydafrika
Saint Clair Vicar's Choice Pinot Gris Riesling Gewürztraminer,Vitt vin,Nya Zeeland
Cuvée Laura Côtes du Rhône,Vitt vin,Frankrike
Le Mesnil Grand Cru Brut Blanc de Blancs,Mousserande vin,Frankrike
Brooklyn Sorachi Ace,Öl,USA
Terres de Vidalba Priorat,Rött vin,Spanien
Störtebeker Schwarzbier,Öl,Tyskland
Palmer Brut Réserve,Mousserande vin,Frankrike
Saku Kuld,Öl,Estland
De Bortoli Cosa Dolce,Rött vin,Australien
Thor IPA,Öl,Sverige
Cada Dia IPA,Öl,Sverige
Göteborgs go IPA,Öl,Sverige
Castello di Brolio Chianti Classico,Rött vin,Italien
Groot Constantia Chardonnay,Vitt vin,Sydafrika
Groot Constantia Pinotage,Rött vin,Sydafrika
Helsingborgs Double IPL,Öl,Sverige
Stenstrand Sommar Ale,Öl,Sverige
Barbera d'Asti Rosso Fuoco,Rött vin,Italien
Castello d'Albola Chianti Classico Riserva,Rött vin,Italien
Kvarnagårdens Redig American Pale Ale,Öl,Sverige
Lidköping Vit Rheingau,Vitt vin,Tyskland
Rocca di Montemassi,Rött vin,Italien
Stenson QPA,Öl,Sverige
Gramona III Lustros Gran Reserva,Mousserande vin,Spanien
Gramona Imperial Gran Reserva,Mousserande vin,Spanien
Nääs Pale Ale,Öl,Sverige
Les Dauphins Côtes du Rhône Organic Blanc,Vitt vin,Frankrike
Kyrö Juuri Rye,Whisky,Finland
Les Comes d'Orto Montsant,Rött vin,Spanien
Verosso,Rött vin,Italien
Passum Barbera D'Asti,Rött vin,Italien
Bryggarens Lakrits,Öl,Sverige
Direktörens Ale,Öl,Sverige
Stockholm Brewing Saison d'Etre,Öl,Sverige
Perfect Day Red,Rött vin,Italien
Sasseo Primitivo,Rött vin,Italien
Feudo Principi di Butera Nero d’Avola,Rött vin,Italien
Côtes du Rhône Variations,Rött vin,Frankrike
Brimoncourt Brut Rosé,Mousserande vin,Frankrike
Brimoncourt Blanc de Blancs,Mousserande vin,Frankrike
Brimoncourt Brut Régence,Mousserande vin,Frankrike
Charles Heidsieck Rosé Réserve,Mousserande vin,Frankrike
Love & Bubbles Brut Premier Cru,Mousserande vin,Frankrike
Love & Bubbles Rosé Brut Premier Cru,Mousserande vin,Frankrike
Snow Cat Coffee Stout,Öl,USA
Cordillera Sauvignon Gris,Vitt vin,Chile
Jacques Picard Champagneprovarlåda,Mousserande vin,Frankrike
Slayer 666 Red Ale,Öl,Sverige
Mölska Bergslagen,Öl,Sverige
Moobuzz Chardonnay,Vitt vin,USA
DG Viticultors Pinot Noir Brut Rosé,Mousserande vin,Spanien
Merula,Rött vin,Spanien
Molson Canadian Premium Lager,Öl,Storbritannien
Pacifico Clara,Öl,Mexiko
Compass Box Great King Street Glasgow Blend,Whisky,Storbritannien
Cantina Zaccagnini Dal Tralcetto Pecorino,Vitt vin,Italien
Côtes Du Rhone Villages Domaine De La Biscarelle,Rött vin,Frankrike
Côtes Du Rhone Domaine Pierre Usséglio,Rött vin,Frankrike
Saint-Joseph Lautaret,Rött vin,Frankrike
Cornas Empreintes,Rött vin,Frankrike
Quintela Colheita,Rött vin,Portugal
Piano Reserva Tinto,Rött vin,Portugal
Quinta Do Tedo Reserva,Rött vin,Portugal
Great White Bulldog Wheat IPA,Öl,Sverige
O/O Pretty Pale Ale,Öl,Sverige
Barrique Pinot Noir,Rött vin,Luxemburg
Barrique Pinot Blanc,Vitt vin,Luxemburg
On The Nose Shiraz Mourvedre,Rött vin,Sydafrika
Unity Chenin Blanc,Vitt vin,Sydafrika
Unity Shiraz Mourvedre,Rött vin,Sydafrika
Charles & Charles Zinfandel,Rött vin,USA
Passionfeber IPA,Öl,Sverige
Nomad Outland Whisky,Whisky,Spanien
Postrizinské 11 - Jedenáctka,Öl,Tjeckien
Daglönarens Dröm,Öl,Sverige
Bzart Kriekenlambiek Millésime,Öl,Belgien
Bzart Lambiek Millésime,Öl,Belgien
Bönhasens Beska India Pale Ale,Öl,Sverige
Anosteké India Pale Ale,Öl,Frankrike
Anosteké Prestige,Öl,Frankrike
Anosteké Blonde,Öl,Frankrike
Länsmans Lag Ljus Lager,Öl,Sverige
Räntmästarens Röda Irländsk röd lager,Öl,Sverige
Nuevo Mundo Organic,Rött vin,Chile
Haton & Fils Grande Réserve Brut Rosé,Mousserande vin,Frankrike
Haton & Fils Cuvée Prestige,Mousserande vin,Frankrike
Haton & Fils Premier Cru Chardonnay Brut,Mousserande vin,Frankrike
Schlossreben Riesling,Vitt vin,Frankrike
Viña Ane Vendimia Seleccionada,Rött vin,Spanien
Viña Ane Autor,Rött vin,Spanien
Benedektin,Öl,Tjeckien
Örebro 753 år Prévoteau-Perrier Brut Rosé,Mousserande vin,Frankrike
Delheim Chenin Blanc,Vitt vin,Sydafrika
André Robert Pauline Brut,Mousserande vin,Frankrike
Delheim Cabernet Sauvignon Shiraz,Rött vin,Sydafrika
Nuits-Saint-Georges Vielles Vignes Daniel Rion & Fils,Rött vin,Frankrike
Delheim Chardonnay Sur Lie,Vitt vin,Sydafrika
Delheim Edelpatz,Vitt vin,Sydafrika
Novaserra Greco di Tufo,Vitt vin,Italien
Monnieres Saint Fiacre,Vitt vin,Frankrike
Le Perd son Pain,Vitt vin,Frankrike
Les Trois Versants,Vitt vin,Frankrike
Zlatan Otok Plavac,Rött vin,Kroatien
Hardys Nottage Hill Pinot Noir,Rött vin,Australien
Etienne Lefèvre Brut Rosé,Mousserande vin,Frankrike
Etienne Lefèvre Grand Cru Carte Blanche Brut,Mousserande vin,Frankrike
Etienne Lefèvre Grand Cru Carte d'Or,Mousserande vin,Frankrike
Domaine La Fourmone le Fauquet,Rött vin,Frankrike
Jacob's Creek Earth Vine Grape Chardonnay Vermentino,Vitt vin,Australien
Estancia Chardonnay,Vitt vin,USA
Bersi Serlini Franciacorta Anteprima,Mousserande vin,Italien
Les Ruchets Jean Luc Colombo,Rött vin,Frankrike
Doudet Naudin Pinot Noir,Rött vin,Frankrike
Doudet Naudin Chardonnay,Vitt vin,Frankrike
Pernand Vergelesses Les Pins,Vitt vin,Frankrike
Beaune 1er Cru Cent Vignes,Rött vin,Frankrike
Oppigårds Dalalager Ekologisk,Öl,Sverige
La Torre,Rött vin,Frankrike
Les Falaises,Rött vin,Frankrike
Ole Smoky Charred Moonshine,Whisky,USA
Etienne Lefèvre Grand Cru Blanc de Noirs,Mousserande vin,Frankrike
Callas Malvasia,Vitt vin,Italien
Argille Barbera,Rött vin,Italien
Nabucco,Rött vin,Italien
Puntet Monferrato Bianco,Vitt vin,Italien
Bricco Sereno Barbera d'Asti Superiore,Rött vin,Italien
Corton Pougets Grand Cru Louis Jadot,Rött vin,Frankrike
Lynmar Estate Chardonnay,Vitt vin,USA
Freedom Hill Chenin Blanc,Vitt vin,Sydafrika
Oro de Castilla Verdejo,Vitt vin,Spanien
Villa Righetti Rosso,Rött vin,Italien
Villa Righett Bianco,Vitt vin,Italien
Valdosan,Rött vin,Spanien
Secret Reserva Brut Nature,Mousserande vin,Spanien
Dumangin Rosé De Saignée,Mousserande vin,Frankrike
Serge Jumel Tradition Brut,Mousserande vin,Frankrike
Serge Jumel Millésime Blanc de Blancs,Mousserande vin,Frankrike
Serge Jumel Blanc de Blancs Brut,Mousserande vin,Frankrike
Les Tallades de Cal Nicolau,Rött vin,Spanien
Legendary 26 Years,Whisky,Storbritannien
Domaine de Calet Cuvée Long Terme,Rött vin,Frankrike
Glen Esk Raw Cask Sherry Butt 30 Years,Whisky,Storbritannien
OPAT Peppar Lager,Öl,Tjeckien
Domaine Ollier Taillefer Grande Réserve,Rött vin,Frankrike
Znovín Svatovavrinecké Saint Laurent,Rött vin,Tjeckien
Granbazán Albariño Etiqueta Verde,Vitt vin,Spanien
BenRiach Single Malt 10 Years,Whisky,Storbritannien
Ktima Kir-Yianni Yianakohori Hills,Rött vin,Grekland
Architect Pale Ale,Öl,Sverige
Oakridge Local Vineyard Serie Willowlake Pinot Noir,Rött vin,Australien
Don Anselmo Paternoster Aglianico,Rött vin,Italien
Dolcetto d´Alba Le Ciliegie,Rött vin,Italien
Blackadder A Drop of The Irish,Whisky,Irland
Chaval,Rött vin,Spanien
Armonia Perla Cru,Vitt vin,Italien
100 x 100 Monastrell,Rött vin,Spanien
Barone Villagrande Etna Rosso,Rött vin,Italien
Barbara d'Asti Superiore,Rött vin,Italien
Corucho Crianza,Rött vin,Spanien
Sefardí Kosher,Rött vin,Spanien
Schubert Marion´s Vineyard Pinot Noir,Rött vin,Nya Zeeland
Schubert Con Brio,Rött vin,Nya Zeeland
Con Brio,Rött vin,Nya Zeeland
Kinahans Small Batch,Whisky,Irland
Kinahans 10 Years,Whisky,Irland
Barbera del Monferrato Vicara,Rött vin,Italien
Cusumano Shamaris Grillo,Vitt vin,Italien
Loch Lomond Single Malt 12 Years,Whisky,Storbritannien
Loch Lomond Single Malt 18 Years,Whisky,Storbritannien
Glen Scotia Single Malt 18 Years,Whisky,Storbritannien
Castillo Ygay Gran Reserva Especial,Rött vin,Spanien
WA Riesling,Vitt vin,Tyskland
Willow's Crest Wuk Wuk Lager,Öl,Sverige
Chablis Domaine de Oliveira Lecestre,Vitt vin,Frankrike
Corucho Finca Peazo la Encina,Rött vin,Spanien
Vega May Day DIPA,Öl,Sverige
Ichtegems Grand Cru Cuvée,Öl,Belgien
Brussels Calling,Öl,Belgien
Founders KBS,Öl,USA
Eruption Stout,Öl,Sverige
Sublimo Pale Ale Stigbergets,Öl,Sverige
Boon Geuze Discovery Box,Öl,Belgien
Joyride Syrah,Rött vin,Frankrike
Chapillon Cuvée Harmonie,Rött vin,Spanien
Castello di Uviglie 1491,Rött vin,Italien
Rock Amarone della Valpolicella,Rött vin,Italien
Rock Valpolicella Ripasso,Rött vin,Italien
Cornet & Cie Rouge,Rött vin,Frankrike
Château de Pierreux,Rött vin,Frankrike
Aberfeldy 16 Years,Whisky,Storbritannien
In Fine Blanc,Vitt vin,Frankrike
Balfour 1503 Rosé,Mousserande vin,Storbritannien
Roma Rosso,Rött vin,Italien
Balfour Brut Rosé,Mousserande vin,Storbritannien
Mas Janeil Sans Souffre,Rött vin,Frankrike
Forget-Brimont Extra Brut,Mousserande vin,Frankrike
Grand Sud Sauvignon Blanc,Vitt vin,Frankrike
Langs 5 Years,Whisky,Storbritannien
Forget-Brimont Rosé Premier Cru,Mousserande vin,Frankrike
Woodford Reserve,Whisky,USA
Forget-Brimont Millésime,Mousserande vin,Frankrike
Château de la Tour Clos Vougeot VV Domaine Pierre Labet,Rött vin,Frankrike
Bunnahabhain Mòine,Whisky,Storbritannien
John Lee,Whisky,USA
Canard Duchêne Charles VII Smooth Rosé,Mousserande vin,Frankrike
Canard Duchêne Cuvée Léonie Brut,Mousserande vin,Frankrike
Moulin des Costes Rouge,Rött vin,Frankrike
Dreissigacker Riesling Organic Trocken,Vitt vin,Tyskland
Pierre Chavin Sauvignon Blanc Colombard Gros Manseng,Vitt vin,Frankrike
Chateau La Rouvière Blanc,Vitt vin,Frankrike
The Sugar Skull White Wine,Vitt vin,Ungern
Chateau La Rouvière Rouge,Rött vin,Frankrike
Chamberti Clos de Bèze Louis Jadot,Rött vin,Frankrike
Cycliste Côtes du Rhône Villages,Rött vin,Frankrike
Moulin des Costes Charriage,Rött vin,Frankrike
Melleruds Prima Julöl,Öl,Sverige
Miravalle Grignolino D'Asti,Rött vin,Italien
E. Guigal Côtes-du-Rhône,Rött vin,Frankrike
CastelRosso Governo,Rött vin,Italien
Electric Nurse Winter Brown Ale,Öl,Sverige
Genesi,Rött vin,Italien
Jurtschitsch Stein Gruner Veltiner,Vitt vin,Österrike
Franck Pascal Reliance Brut Nature,Mousserande vin,Frankrike
Franck Pascal Quinte Essence Extra Brut,Mousserande vin,Frankrike
NKB Southern Pale Ale,Öl,Sverige
Erial,Rött vin,Spanien
Nostalgia Alvarinho,Vitt vin,Portugal
Slope Style IPA,Öl,USA
Pegos Claros Tinto,Rött vin,Portugal
Maria Papoila Escolha,Vitt vin,Portugal
Jurtschitsch Zöbiger Heiligenstein Riesling,Vitt vin,Österrike
Jurtschitsch Loiserberg Grüner Veltliner,Vitt vin,Österrike
Castro Valdes Albariño,Vitt vin,Spanien
Sin Palabras Albariño,Vitt vin,Spanien
Barolo Serralunga d'Alba,Rött vin,Italien
Mes Bastides Blanc,Vitt vin,Frankrike
Duss Moscato d'Asti,Vitt vin,Italien
Belcanto Chianti Classico,Rött vin,Italien
El Pulpo Chardonnay,Vitt vin,Spanien
Belleruche Côtes-du-Rhône Chapoutier,Rött vin,Frankrike
Barolo Tre Utin,Rött vin,Italien
Ölandslager,Öl,Sverige
L'Ecole Cabernet Sauvignon,Rött vin,USA
Blanco Nieva Verdejo,Vitt vin,Spanien
Splendid Privat Riesling Trocken,Mousserande vin,Tyskland
Mitolo Angela Shiraz,Rött vin,Australien
Tikitango Pale Ale,Öl,Sverige
Cookie Stout,Öl,Sverige
T'Air d'Oc Sauvignon Blanc,Vitt vin,Frankrike
Brunello di Montalcino Uccelliera,Rött vin,Italien
Rosso di Montalcino Uccelliera,Rött vin,Italien
Peter Franus Napa Valley Sauvignon Blanc,Vitt vin,USA
S:t Eriks Easter Session IPA,Öl,Sverige
Willemoes Påske Ale,Öl,Danmark
Jenny Nyströms Påsköl,Öl,Sverige
Mitolo G.A.M. Shiraz,Rött vin,Australien
Rebirth Fuller's & Friends,Öl,Storbritannien
Massimago Magó Brut Rosé,Mousserande vin,Italien
Replay Hells Lager,Öl,Sverige
Carusu,Rött vin,Italien
Cisterna Fuori Etna Rosso,Rött vin,Italien
San Nicolo' Etna Rosso,Rött vin,Italien
Valkyrians Välkomst Barley Wine,Öl,Sverige
Wisby Barley Blot,Öl,Sverige
Brunello di Montalcino Lisini,Rött vin,Italien
Rosso di Montalcino Lisini,Rött vin,Italien
Marion Borgomarcellise Valpolicella,Rött vin,Italien
Marion Teroldego Veronese,Rött vin,Italien
Zonnebloem Sauvignon Blanc,Vitt vin,Sydafrika
Antidoto,Rött vin,Spanien
Kamnik Cuvée de Prestige,Rött vin,Republiken Makedonien
Glenburgie 10 Years,Whisky,Storbritannien
Tinto Iturria,Rött vin,Spanien
Antech Expression Chardonnay Chenin Mauzac,Mousserande vin,Frankrike
Antech Grande Réserve,Mousserande vin,Frankrike
Antech Alliance,Mousserande vin,Frankrike
Splendente,Vitt vin,Italien
Valle Delle Stelle,Rött vin,Italien
Versante Salento Rosso,Rött vin,Italien
Roger Brun Aÿ Brut Reserve Grand Cru,Mousserande vin,Frankrike
Rosso di Montalcino Donatella Cinelli Colombini,Rött vin,Italien
Roger Brun Brut Grande Reserve,Mousserande vin,Frankrike
Gevrey Chambertin Vielles Vignes,Rött vin,Frankrike
Les Briquères Rouge,Rött vin,Frankrike
Chianti Superiore,Rött vin,Italien
Pertois-Lebrun Instant Brut Blancs de Blancs,Mousserande vin,Frankrike
Triple Overtime Anele,Rött vin,USA
Weinhof Scheu Weissburgunder Trocken,Vitt vin,Tyskland
Il Drago e le 8 Colombe,Rött vin,Italien
Domaine de Calet La Tournerie,Rött vin,Frankrike
Domaine de Calet Esprit de Blanc,Vitt vin,Frankrike
Questa Dedicato A,Rött vin,Italien
Vina Erdut Grasevina,Vitt vin,Kroatien
Vina Erdut Zweigelt,Rött vin,Kroatien
Vina Erdut Sauvignon Blanc,Vitt vin,Kroatien
Dahls Pils,Öl,Norge
Michele Satta Bolgheri Superiore i Castagni,Rött vin,Italien
Bugey Cerdon Balivet Rosé Demi-Sec Méthode Ancestrale,Mousserande vin,Frankrike
Bugey Cerdon Renardat Fache Rosé Demi-Sec Méthode Ancestrale,Mousserande vin,Frankrike
Carpi Lambrusco di Modena Secco,Rött vin,Italien
Solosole Vermentino,Vitt vin,Italien
Barão de Vilar,Rött vin,Portugal
Frei João Reserva,Rött vin,Portugal
Ruffino Riserva Ducale Oro Gran Selezione,Rött vin,Italien
Cutty Sark Prohibition,Whisky,Storbritannien
Innis & Gunn Lager Beer,Öl,Storbritannien
Brunello di Montalcino San Polo,Rött vin,Italien
Örebro Brygghus Lager,Öl,Sverige
Juicy Jams Session IPA,Öl,Sverige
L'Ermita,Rött vin,Spanien
Las Lamas Descendientes de J Palacios,Rött vin,Spanien
Electric Nurse Dark Divinity,Öl,Sverige
Electric Nurse Raspberry Saison,Öl,Sverige
Coche Niepoort Vinhos,Vitt vin,Portugal
Estrecho Monastrell,Rött vin,Spanien
Villa de Corullón Descendientes de J Palacios,Rött vin,Spanien
Gini Contrada Salvarenza,Vitt vin,Italien
Fresnet-Juillet Special Club Grand Cru,Mousserande vin,Frankrike
Carl,Vitt vin,Sverige
Campo San Giorgio Umani Ronchi,Rött vin,Italien
La Fontanina Ripasso,Rött vin,Italien
Brezza Langhe Nebbiolo,Rött vin,Italien
N 1981 Stor Stark,Öl,Sverige
Barbera d'Alba Vigna Serraboella,Rött vin,Italien
Sketch Bodegas y Viñedos Raul Pérez,Vitt vin,Spanien
Cotes-du-Rhone Vieilles Vignes Clos du Mont-Olivet,Rött vin,Frankrike
Bottle Royale Black IPA,Öl,Sverige
Automic Double IPA,Öl,Sverige
Châteuneuf-du-Pape Clos du Mont-Olivet,Rött vin,Frankrike
Vermentino Etichetta Nera Cantina Lunae,Vitt vin,Italien
Barbaresco Vie Erte Fratelli Cigliuti,Rött vin,Italien
Bonnet-Huteau Goulaine Muscadet Sèvre et Maine,Vitt vin,Frankrike
Barbaresco Serraboella,Rött vin,Italien
Chinon Clos de Danzay Domaine Pierre-Jacques Druet,Rött vin,Frankrike
Agustí Torelló Mata Gran Reserva Barrica Brut Nature,Mousserande vin,Spanien
Kuehn Riesling,Vitt vin,Frankrike
Kuehn Pinot Gris,Vitt vin,Frankrike
Kuehn Gewurztraminer,Vitt vin,Frankrike
Kuehn Riesling Grand Cru Eichberg,Vitt vin,Frankrike
Acquagiusta Rosso,Rött vin,Italien
Acinatium Recioto di Soave,Vitt vin,Italien
Acquagiusta Vermentino,Vitt vin,Italien
Francisco Gomez,Rött vin,Spanien
Pazo Cilleiro Albariño,Vitt vin,Spanien
Casa de Vila Boa Alvarinho,Vitt vin,Portugal
Collin-Guillaume Millésime,Mousserande vin,Frankrike
Pannier Extra Brut,Mousserande vin,Frankrike
Glendalough Double Barrel,Whisky,Irland
Glendalough Single Malt 7 Years,Whisky,Irland
Glendalough Single Malt 13 Years,Whisky,Irland
Côtes du Rhône Domaine de la Lyre,Vitt vin,Frankrike
Damoli Checo Amarone Della Valpolicella Classico,Rött vin,Italien
Forget-Chemin Carte Blanche Brut,Mousserande vin,Frankrike
Forget-Chemin Spécial Club Brut,Mousserande vin,Frankrike
Single Hop Kellerpils,Öl,Tyskland
Black Nizza Motor Øl Imperial Stout,Öl,Tyskland
Bayerish Nizza Wheat Pale Ale,Öl,Tyskland
Sun Downer New England IPA,Öl,Tyskland
Norrlands Guld Ljus Eko,Öl,Sverige
Catalpa Chardonnay,Vitt vin,Argentina
L'Outsider Cabernet Franc,Rött vin,Frankrike
Chablis Premier Cru Fourchaume,Vitt vin,Frankrike
Kaffe Berliner,Öl,Sverige
Fugue de Nénin,Rött vin,Frankrike
Trimbach Grand Cru Schloss Riesling,Vitt vin,Frankrike
Rémy Massin & Fils Special Club,Mousserande vin,Frankrike
Trimbach Clos Ste Hune,Vitt vin,Frankrike
Akkurat Vienna Amber Lager,Öl,Sverige
Brews Are Burning,Öl,Sverige
Mystery Monster,Öl,Sverige
Corylus,Öl,Sverige
Högtryck,Öl,Sverige
Nebbiolo d'Alba Renato Corino,Rött vin,Italien
Barbera d'Alba Pozzo Renato Corino,Rött vin,Italien
Barolo Arborina Renato Corino,Rött vin,Italien
Barbera d'Alba Renato Corino,Rött vin,Italien
Dolcetto d'Alba Enzo Boglietti,Rött vin,Italien
Langhe Chardonnay Enzo Boglietti,Vitt vin,Italien
Stigbergets Muddle IPA,Öl,Sverige
Château Ferrière,Rött vin,Frankrike
Château Fonroque Maison Joanne,Rött vin,Frankrike
Charlis Våreld,Öl,Sverige
Toasted Lager,Öl,Sverige
Wannborga Solaris,Vitt vin,Sverige
Simon & The Pigs NEIPA,Öl,Sverige
SjöCrona Trpl,Öl,Sverige
Bolsjeviken Imperial Stout,Öl,Sverige
Lepores Barrique Cuvée,Rött vin,Sverige
Brygghus 19 Festbock,Öl,Sverige
NKB Till The Cows Come Home,Öl,Sverige
Möllys Doom Warrior,Öl,Sverige
Château d'Eternes Saumur Rouge,Rött vin,Frankrike
Öresund,Vitt vin,Sverige
Train Station Brewery Dark Side Imperial Ale,Öl,Sverige
J-M Sélèque Partition Extra Brut,Mousserande vin,Frankrike
J-M Sélèque Le Quintette Extra Brut,Mousserande vin,Frankrike
Ponzi Pinot Noir Reserve,Rött vin,USA
Duvel Tripel Hop Citra,Öl,Belgien
False Bay Shiraz,Rött vin,Sydafrika
False Bay Sauvignon Blanc,Vitt vin,Sydafrika
Waterkloof Circle of Life Merlot Shiraz Petit Verdot,Rött vin,Sydafrika
Waterkloof Circle of Life Chenin Blanc,Vitt vin,Sydafrika
Waterkloof Sauvignon Blanc,Vitt vin,Sydafrika
Seriously Cool Cinsault,Rött vin,Sydafrika
Circumstance Sauvignon Blanc,Vitt vin,Sydafrika
The Yankee Real Deal Bag Longhorn Zinfandel,Rött vin,USA
Monacesca Verdicchio di Matelica,Vitt vin,Italien
Barbera d'Alba Brangero,Rött vin,Italien
Södra Fjäderholmarna Ekologisk Pilner,Öl,Sverige
Stöten I Gropen,Öl,Sverige
Sahlins Brygghus Tripel,Öl,Sverige
Ghiaie della Furba Tenuta di Capezzana,Rött vin,Italien
Dalabryggeri Weisse,Öl,Sverige
Jädraöl Spero Pale Ale,Öl,Sverige
Smörpundet Porter,Öl,Sverige
3 Fonteinen Oude Kriek Drie Fonteinen,Öl,Belgien
Black Velvet Reserve 8 Years,Whisky,Kanada
Corner Creek Bourbon Whiskey,Whisky,USA
Rosso di Montalcino Casale del Bosco,Rött vin,Italien
Brunello di Montalcino Casale del Bosco,Rött vin,Italien
Hartenberg Chardonnay,Vitt vin,Sydafrika
Marco Cecchini Refosco,Rött vin,Italien
Marco Cecchini Tovè 1867,Vitt vin,Italien
La Cricca Friulano,Vitt vin,Italien
La Cricca Pinot Bianco,Vitt vin,Italien
Grill Grüner Veltliner Selektion,Vitt vin,Österrike
Grill Grüner Veltliner Ried Scheiben,Vitt vin,Österrike
Chateau Greysac Le Blanc,Vitt vin,Frankrike
Son Mayol Grand Vin,Rött vin,Spanien
Son Mayol Premier Vin,Rött vin,Spanien
Amarone della Valpolicella ai Colli Vivaldi,Rött vin,Italien
Thomas Hardy's Ale,Öl,Storbritannien
Thomas Hardy's Ale 'The Historical',Öl,Storbritannien
Dragets Kanal Dubbel IPA,Öl,Sverige
Golden Spiral Garage Project,Öl,Nya Zeeland
Glenrothes Kumquat Cluster,Whisky,Storbritannien
Amrut Cask Strength,Whisky,Indien
Aberfeldy Toffee Tuile,Whisky,Storbritannien
Clos de la Bousse d'Or Domaine de la Pousse d'Or,Rött vin,Frankrike
Abelis Carthago Lui,Rött vin,Spanien
North British The Sovereign 25 Years,Whisky,Storbritannien
Canah Valdobbiadene Prosecco Superiore Brut,Mousserande vin,Italien
Perene Tinto,Rött vin,Portugal
Monteoro Gallura Superiore,Vitt vin,Italien
Rust en Vrede Estate,Rött vin,Sydafrika
Black Stallion Cabernet Sauvignon,Rött vin,USA
Postrizinské Svatecni Special,Öl,Tjeckien
Chablis Samuel Billaud,Vitt vin,Frankrike
Fleur du Cap Shiraz Grenache Cinsault,Rött vin,Sydafrika
Gevrey-Chambertin 1er Cru Petite-Chapelle Domaine Rossignol-Trapet,Rött vin,Frankrike
Châteauneuf-du-Pape Blanc Domaine Roger Perrin,Vitt vin,Frankrike
Aussome Merlot,Rött vin,Australien
Scarlet Runner Shiraz,Rött vin,Australien
Rawson's Retreat Organic Series Cabernet Sauvignon Shiraz Merlot,Rött vin,Australien
Tahbilk Rousanne Marsanne Viognier,Vitt vin,Australien
Côtes du Jura Chardonnay,Vitt vin,Frankrike
Torero Airen Macabeo,Vitt vin,Spanien
Grado Plato Birra 1608,Öl,Italien
Merlin Macon La Roche Vineuse,Vitt vin,Frankrike
Merlin Bourgogne Pinot Noir,Rött vin,Frankrike
Amigo Syrah,Rött vin,EU
Torres Santa Digna Merlot,Rött vin,Chile
Carlisle Russian River Valley Montafi Ranch Zinfandel,Rött vin,USA
Ojai Kick On Ranch Riesling,Vitt vin,USA
Duc de Belmonde Cabernet Syrah,Rött vin,Frankrike
Big Game Malbec Syrah,Rött vin,Argentina
Pouilly Fuissé Merlin,Vitt vin,Frankrike
Tedeschi Amarone della Valpolicella,Rött vin,Italien
CH By Chocapalha,Rött vin,Portugal
Prova d'Autore,Rött vin,Italien
Melograno Rosso,Rött vin,Italien
Campo Alegre Blanco,Vitt vin,Spanien
Piedra Negra Gran Malbec,Rött vin,Argentina
Ca'Montini Prosecco Extra Dry,Mousserande vin,Italien
Humo Blanco Gran Cuvée Pinot Noir,Rött vin,Chile
Silver Palm Zinfandel,Rött vin,USA
Silver Palm Chardonnay,Vitt vin,USA
Canard Duchêne Brut Millésime,Mousserande vin,Frankrike
Ars Nova Tempranillo Cabernet Sauvignon Merlot,Rött vin,Spanien
Chambolle-Musigny Domaine Roux,Rött vin,Frankrike
Ghost Ugly Duck West Coast IPA,Öl,Danmark
Montecariano Amarone della Valpolicella Classico,Rött vin,Italien
Bourgogne Chardonnay Cuvée des Visitandines Patriarche,Vitt vin,Frankrike
Chablis Sainte Claire J M Brocard,Vitt vin,Frankrike
Arrogant Frog Ribet Rouge Cabernet Sauvignon Merlot,Rött vin,Frankrike
Epica Malbec,Rött vin,Argentina
Tapiz Organic Reserve Malbec,Rött vin,Argentina
Arrogant Frog Chardonnay,Vitt vin,Frankrike
Motivo Prosecco Brut,Mousserande vin,Italien
M de Malle,Vitt vin,Frankrike
Ronan by Clinet,Vitt vin,Frankrike
Interdite Cuvée Brut,Mousserande vin,Frankrike
Escudo Rojo,Rött vin,Chile
Nostos The Journey Roussanne,Vitt vin,Grekland
Saumur Puy Notre Dame,Rött vin,Frankrike
Corte dall' Ecovista,Rött vin,Italien
Château Thébaud,Vitt vin,Frankrike
Grand Siècle Champagne Laurent-Perrier,Mousserande vin,Frankrike
Domaine de la Jaubertie Chardonnay,Vitt vin,Frankrike
Roger Brun Romance Rosé,Mousserande vin,Frankrike
Dr Von Bassermann-Jordan Jesuitengarten Grosses Gewächs,Vitt vin,Tyskland
Dr Von Bassermann-Jordan Kalkofen Grosses Gewächs,Vitt vin,Tyskland
Dr Von Bassermann-Jordan Ölberg Kapelle Grosses Gewächs,Vitt vin,Tyskland
Starmont Sauvignon Blanc,Vitt vin,USA
Starmont Chardonnay,Vitt vin,USA
Starmont Merlot,Rött vin,USA
Starmont Cabernet Sauvignon,Rött vin,USA
Starmont Pinot Noir,Rött vin,USA
Omnipollo Onda,Öl,Internationellt märke
Villa Locatelli Pinot Grigio,Vitt vin,Italien
Château de la Maltroye Pinot Noir,Rött vin,Frankrike
Wadworth Bishop's Tipple,Öl,Storbritannien
Tenuta Marcati Valpolicella Superiore,Rött vin,Italien
Traquair House Ale,Öl,Storbritannien
Macchia Primitivo di Manduria,Rött vin,Italien
Villa Locatelli Sauvignon Blanc,Vitt vin,Italien
Manorossa Negroamaro,Rött vin,Italien
Wadworth Old Timer,Öl,Storbritannien
Cristian Senez Brut Carte Blanche,Mousserande vin,Frankrike
Wadworth Swordfish,Öl,Storbritannien
Augustiner Bräu Edelstoff,Öl,Tyskland
Augustiner Bräu Dunkel,Öl,Tyskland
Augustiner Bräu Weissbier,Öl,Tyskland
Rothaus Eiszäpfle,Öl,Tyskland
Rothaus Hefeweizen,Öl,Tyskland
Château de Lavison,Rött vin,Frankrike
Sourgal Moscato d'Asti,Vitt vin,Italien
WG Organic Grüner Veltliner,Vitt vin,Österrike
DesignBrew Très Belle Chic Trippel,Öl,Sverige
Eikendal Reserve Chardonnay,Vitt vin,Sydafrika
Barolo Aldo Clerico,Rött vin,Italien
Wisby Lager,Öl,Sverige
Pewsey Vale Contours Riesling,Vitt vin,Australien
Sentio Valdobbiadene Prosecco Superiore Brut,Mousserande vin,Italien
Millstone Heavy Peated,Whisky,Nederländerna
Candido Immensum Salice Salentino,Rött vin,Italien
Laurent-Perrier Alexandra Grand Cuvée Rosé Brut,Mousserande vin,Frankrike
Beerbliotek Black Ale Chilli,Öl,Sverige
Amager Barrier The Mortician,Öl,Danmark
Hanssens Oude Gueuze,Öl,Belgien
Wild West Alvinne,Öl,Belgien
Tie Guan Yin Garage Project,Öl,Nya Zeeland
Alstadberger Klostergården,Öl,Norge
Ryan's Plow Pinot Noir Lingua Franca,Rött vin,USA
Mimi's Mind Pinot Noir Lingua Franca,Rött vin,USA
Sister's Chardonnay Lingua Franca,Vitt vin,USA
Petruccino Podere Forte,Rött vin,Italien
Petrucci Podere Forte,Rött vin,Italien
Glenmorangie 18 Years Extremely Rare,Whisky,Storbritannien
Sierra Nevada Bigfoot,Öl,USA
Bötet Barley Wine Oloroso,Öl,Sverige
Jim Barry Assyrtiko,Vitt vin,Australien
Château Nenin,Rött vin,Frankrike
Federico Paternina Banda Azul Brut,Mousserande vin,Spanien
Charles Heidsieck Brut,Mousserande vin,Frankrike
Pietro Cassina Lessona Pidrin,Rött vin,Italien
Bergausener Sauvignon Blanc,Vitt vin,Österrike
Bertani Amarone Della Valpolicella Classico,Rött vin,Italien
Barolo Bricco Delle Viole G.D Vajra,Rött vin,Italien
Le Cupole Trinoro,Rött vin,Italien
Charles Heidsieck Blanc des Millénaires,Mousserande vin,Frankrike
Cesconi Pletter,Rött vin,Italien
Nerocapitano Rosso Frappato,Rött vin,Italien
La Reserve de Malartic Blanc,Vitt vin,Frankrike
Steiner Hund Stagård,Vitt vin,Österrike
Radici Taurasi Mastroberardino,Rött vin,Italien
Casanuova di Nittardi Vigna Doghessa,Rött vin,Italien
Cocciapazza Torre dei Beati,Rött vin,Italien
Alfiero Boffa Muntrivé,Rött vin,Italien
Ayinger Weizenbock,Öl,Tyskland
Brewify Easy IPA,Öl,Sverige
Yalumba FDR1A Cabernet Sauvignon Shiraz,Rött vin,Australien
Yalumba The Cigar Cabernet,Rött vin,Australien
Brewify Modern Lager,Öl,Sverige
Brewify IPA,Öl,Sverige
Izadi Blanco,Vitt vin,Spanien
Barolo BelColle Monvigliero,Rött vin,Italien
The Taste of Barbaresco,Rött vin,Italien
Château Grand francais Bordeaux Supérieur,Rött vin,Frankrike
BRLO Craft beer German IPA,Öl,Tyskland
BRLO Craft beer Redlight Ale,Öl,Tyskland
Sentio Pinot Grigio,Vitt vin,Italien
Jansz Premium Cuvée,Mousserande vin,Australien
Essence Riesling,Vitt vin,Tyskland
Schug Carneros Chardonnay,Vitt vin,USA
Johannishof Riesling Trocken,Vitt vin,Tyskland
Bürgermeister Schweinhardt Langenlonsheimer Rothenberg Riesling,Vitt vin,Tyskland
Campo Marin Reserva,Rött vin,Spanien
Johannishof Rüdesheimer Berg Rottland Auslese Riesling,Vitt vin,Tyskland
Alde Gott Pinot Noir,Rött vin,Tyskland
Akratos Retsina,Vitt vin,Grekland
Vérité La Joie,Rött vin,USA
Marin Bianco,Vitt vin,Italien
Budvar Budejovicky,Öl,Tjeckien
Mixpack Opat,Öl,Tjeckien
Lazzarito,Rött vin,Italien
Domaine Du Clos De Sixte,Rött vin,Frankrike
Glen Moray Douglas of Drumlanrig Refill Hogshead 8 Years,Whisky,Storbritannien
Calabuig Tempranillo,Rött vin,Spanien
Speyside Spey Tenné Tawny Port Casks,Whisky,Storbritannien
Speyside Spey 12 Years,Whisky,Storbritannien
Speyside Spey Chairman's Choice,Whisky,Storbritannien
Speyside Spey Sherry Cask 18 Years,Whisky,Storbritannien
Speyside Spey Royal Choice,Whisky,Storbritannien
Nittnaus Beerenauslese Exquisite,Vitt vin,Österrike
Niepoort Charme,Rött vin,Portugal
Barolo Elio Altare,Rött vin,Italien
Chapelle-Chambertin Grand Cru Domaine Rossignol-Trapet,Rött vin,Frankrike
Chambertin Grand Cru Domaine Rossignol-Trapet,Rött vin,Frankrike
Valkyria California Common,Öl,Sverige
Ask Pale Ale,Öl,Sverige
Embla Pale Ale Pale Ale,Öl,Sverige
Waxholm Premium Lager,Öl,Sverige
Charmes-Chambertin Grand Cru Marchand-Tawse,Rött vin,Frankrike
Elephant Hill Sauvignon Blanc,Vitt vin,Nya Zeeland
Elephant Hill Merlot Malbec,Rött vin,Nya Zeeland
Serenissima Prosecco,Mousserande vin,Italien
Attaque Ale,Öl,Sverige
Rickys India Pale Ale,Öl,Sverige
520 Lager,Öl,Sverige
Nya Carnegiebryggeriet J.A.C.K. Session India Pale Ale,Öl,Sverige
Hellyers Road Original Roaring 40s,Whisky,Australien
Guld Ale,Öl,Sverige
Hönöbryggeriet Lager,Öl,Sverige
Migranten Pale Ale,Öl,Sverige
Örebro Bitter,Öl,Sverige
Public Service American Pale Ale,Öl,Sverige
South Plains Jus Zombie Saison du Mort,Öl,Sverige
Villovägens Falu Röd,Öl,Sverige
Aglianico del Vulture d'Angelo,Rött vin,Italien
Tâm Batzella,Rött vin,Italien
Deanston Highland Single Malt 18 Years,Whisky,Storbritannien
Ledaig Single Malt 18 Years,Whisky,Storbritannien
Coevo Cecchi,Rött vin,Italien
Brunello di Montalcino Cecchi,Rött vin,Italien
Litorale Vermentino,Vitt vin,Italien
Tommasi Ca' Florian Riserva Amarone della Valpolicella Classico,Rött vin,Italien
Radici Taurasi Riserva,Rött vin,Italien
Il Lugana,Vitt vin,Italien
Abbot's Table,Rött vin,USA
Indomito,Rött vin,Italien
Corpo Notte,Rött vin,Italien
Turpino,Rött vin,Italien
Glendronach The Hielan 8 Years,Whisky,Storbritannien
Old Tom Frederic Robinson Ltd,Öl,Storbritannien
Campo dei Gigli Amarone Tenuta Sant' Antonio,Rött vin,Italien
Wittmann 100 Hills Riesling Dry,Vitt vin,Tyskland
Rånäs Slott Blanc de Blancs,Mousserande vin,Frankrike
Klingenberg Buntsandstein Spätburgunder,Rött vin,Tyskland
Klingenberg Spätburgunder R,Rött vin,Tyskland
Poliziano Mandrone di Lohsa,Rött vin,Italien
Torshälla 700 år Modolet,Mousserande vin,Italien
Oremus Late Harvest Tokaji Cuvée,Vitt vin,Ungern
Penfolds Grange,Rött vin,Australien
Porterhouse Wrasslers Stout,Öl,Irland
Michter's US Nr1 Small Batch Sour Mash,Whisky,USA
Les hauts de Granget,Rött vin,Frankrike
Louis Roederer Rosé,Mousserande vin,Frankrike
Pouilly Fumé Château de Tracy,Vitt vin,Frankrike
Losi Millennium Gran Selezione,Rött vin,Italien
Pouilly Fumé 101 Rangs Chateau De Tracy,Vitt vin,Frankrike
Castello di Ama San Lorenzo,Rött vin,Italien
Corte Figaretto Valpolicella Valpantena Altarol,Rött vin,Italien
Monte Manco Primitivo di Manduria Dolce Naturale,Rött vin,Italien
Vina Erdut Traminac Mirisavi,Vitt vin,Kroatien
Quartese Valdobbiadene Prosecco Superiore Brut,Mousserande vin,Italien
Giustino B Valdobbiadene Prosecco Superiore Extra Dry,Mousserande vin,Italien
Grande Cuvée 1531,Mousserande vin,Frankrike
Vignoble des 2 lunes Pinot Blanc Apogée,Vitt vin,Frankrike
Pouilly Fumé Mademoiselle de T Château De Tracy,Vitt vin,Frankrike
Vignoble des 2 lunes Riesling Genèse,Vitt vin,Frankrike
Ant More Sauvignon Blanc,Vitt vin,Nya Zeeland
Famiglia Losi Chianti Querciavalle,Rött vin,Italien
Domaine La Barroche Châteauneuf-du-Pape,Rött vin,Frankrike
A Bergère Prestige Brut,Mousserande vin,Frankrike
Barbaresco Asili Falletto,Rött vin,Italien
Grande Alberone Vino Rosso,Rött vin,Italien
Barbera D´Alba Forte Masso,Rött vin,Italien
To Øl Trädgården Pale Ale,Öl,Internationellt märke
Ca dei Conti Garganega,Vitt vin,Italien
Borgogno Barbera d'Alba Superiore,Rött vin,Italien
Marmalade Porter,Öl,Storbritannien
Constitution Road Shiraz Robertson,Rött vin,Sydafrika
Constitution Road Chardonnay,Vitt vin,Sydafrika
Cruasé Pinot Nero Brut Rosé,Mousserande vin,Italien
Renero Pinot Nero,Rött vin,Italien
Calicanto,Rött vin,Chile
Ca’ del Sette Prosecco Extra Dry,Mousserande vin,Italien
Amarone della Valpolicella Le Bessole,Rött vin,Italien
MIM Natura Brut Nature Reserva,Mousserande vin,Spanien
Spirit of Hven Tycho's Star,Whisky,Sverige
QMF Colheita Branco,Vitt vin,Portugal
Nadal Brut Nature Gran Reserva,Mousserande vin,Spanien
6 Top Trappister,Öl,Belgien
MD Mathias Dahlgren Organic Rioja,Rött vin,Spanien
MD Mathias Dahlgren Organic Alsace,Vitt vin,Frankrike
Balder Patersbier,Öl,Sverige
Mathias Dahlgren Brut,Mousserande vin,Frankrike
Gunderloch Rothenberg Riesling Grosses Gewächs,Vitt vin,Tyskland
Falchini Chianti Colli Senesi,Rött vin,Italien
Schmelz Stein am Rain Federspiel Riesling,Vitt vin,Österrike
Lios Pale Ale,Öl,Sverige
Douglas Laing's Single Minded 15 Years,Whisky,Storbritannien
Dailuaine Maltbarn 18 Years,Whisky,Storbritannien
kå:L swåRtt Stout,Öl,Sverige
Hå:mLe IPA,Öl,Sverige
Huber Grüner Veltliner Alte Setzen Traisental Reserve,Vitt vin,Österrike
Dugges Orange Haze India Pale Ale,Öl,Sverige
Port Ellen Special Release 2015 32 Years,Whisky,Storbritannien
Mammoth Zinfandel,Rött vin,Italien
Dugges High Five India Pale Ale,Öl,Sverige
Wemyss Malts Peat Chimney,Whisky,Storbritannien
Wemyss Malts Spice King,Whisky,Storbritannien
Wemyss Malts The Hive,Whisky,Storbritannien
Barolo Serralunga Luigi Baudana,Rött vin,Italien
Glenrothes Buttered Tealoaf Hogshead,Whisky,Storbritannien
Amager/Oppigårds Building Bridges India Pale Ale,Öl,Danmark
Prugneto Sangiovese Superiore,Rött vin,Italien
Armorik Classic,Whisky,Frankrike
Breizh,Whisky,Frankrike
Armorik Double Maturation,Whisky,Frankrike
Pura Fe Garnacha Syrah,Rött vin,Chile
Elements of Islay Bw5,Whisky,Storbritannien
Port Askaig 19 Years,Whisky,Storbritannien
Elements of Islay Lp6,Whisky,Storbritannien
Elements of Islay Pl3,Whisky,Storbritannien
EGlengoyne 25 Years,Whisky,Storbritannien
Benrinnes The Warehouse Collection Bourbon Hogshead 22 Years,Whisky,Storbritannien
Isotonic,Öl,Sverige
Borstahusen Lager,Öl,Sverige
Klackabacken Pilsner,Öl,Sverige
Polar,Öl,Venezuela
Barolo Goggiano,Rött vin,Italien
Ca Dei Conti Angelin Garganega,Vitt vin,Italien
Ytterby India Pale Ale,Öl,Sverige
Grant's Ale Cask,Whisky,Storbritannien
Ensta Mörk Lager,Öl,Sverige
Fryken Havre IPA,Öl,Sverige
Gevrey-Chambertin Roncevies Marchand-Tawse,Rött vin,Frankrike
NKB Chili Stout,Öl,Sverige
Schwartzman Stout,Öl,Sverige
Beaujolais-Villages Blanc Domaine de Thulon,Vitt vin,Frankrike
Kacklan IPA,Öl,Sverige
Umeå Twin IPA,Öl,Sverige
Waxholm India Pale Ale,Öl,Sverige
Helsingborg Session IPA,Öl,Sverige
Baron De Ley Varietales Graciano,Rött vin,Spanien
Block Nine Caiden's Vineyard Pinot Noir,Rött vin,USA
Barolo Massolino,Rött vin,Italien
Dolcetto d'Alba Massolino,Rött vin,Italien
Langhe Massolino,Rött vin,Italien
Barbera d'Alba Massolino,Rött vin,Italien
Moscato d'Asti Massolino,Vitt vin,Italien
Montecariano Valpolicella Ripasso Classico Superiore,Rött vin,Italien
Leonate Pecorino,Vitt vin,Italien
Oakridge Over the Shoulder Chardonnay,Vitt vin,Australien
Andechser Weissbier Hell,Öl,Tyskland
Oakridge Over the Shoulder Shiraz,Rött vin,Australien
MilleUna Majara,Rött vin,Italien
Krauthaker Pinot Crni,Rött vin,Kroatien
Tail of A Whale,Öl,Sverige
Craigellachie 17 Years,Whisky,Storbritannien
Roquers de Porrera,Rött vin,Spanien
Marge,Rött vin,Spanien
Domaine Labarthe Brut Methode Ancestrale,Mousserande vin,Frankrike
Miltonduff Liquid Sun 20 Years,Whisky,Storbritannien
Glen Spey Liquid Sun Refill Hogshead 26 Years,Whisky,Storbritannien
Ardmore Acla Selection Sherry Cask 5 Years,Whisky,Storbritannien
Gusto Divino Primo Prosecco Cuvée Extra Dry,Mousserande vin,Italien
Porco Rosso Cuvée,Rött vin,Kroatien
Schuster Roter Veltliner,Vitt vin,Österrike
Mohawk India Pale Ale,Öl,Belgien
Artadi Tempranillo,Rött vin,Spanien
Bolfan Riesling,Vitt vin,Kroatien
Szil Völgy Furmint,Vitt vin,Ungern
Spiegelberg Somlói,Vitt vin,Ungern
Hexagon,Rött vin,Portugal
Bodegas Emilio Moro-Låda,Rött vin,Spanien
Ben Nevis The Pearls of Scotland Cash Strength,Whisky,Storbritannien
Glenturret The Pearls of Scotland Cask Strength,Whisky,Storbritannien
Celestino Rosso di Toscana,Rött vin,Italien
Celestino Pecci Rosso di Montalcino,Rött vin,Italien
Piot-Sevillano Tradition brut,Mousserande vin,Frankrike
Finca Rio Negro Tempranillo Merlot Syrah Cabernet Sauvignon,Rött vin,Spanien
Jordan Nine Yards Chardonnay,Vitt vin,Sydafrika
Au Bon Climat Hildegard,Vitt vin,USA
Clendenen Family Vineyards Nebbiolo Bricco Buon Natale,Rött vin,USA
Leva Reserve Cabernet Sauvignon Merlot,Rött vin,Bulgarien
Jané Ventura Do Gran Reserva Brut Nature,Mousserande vin,Spanien
Paul John Single Malt Cask No 580,Whisky,Indien
Glengoyne 18 Years,Whisky,Storbritannien
Jean Velut Brut,Mousserande vin,Frankrike
Glengoyne 25 Years,Whisky,Storbritannien
Entrecôte Merlot Cabernet Sauvignon,Rött vin,Frankrike
Via Etulia Chardonnay,Vitt vin,Moldavien
Gosset Grand Millésime,Mousserande vin,Frankrike